-- Adminer 4.7.6 MySQL dump

SET NAMES utf8;
SET time_zone = '+00:00';
SET foreign_key_checks = 0;
SET sql_mode = 'NO_AUTO_VALUE_ON_ZERO';

DROP TABLE IF EXISTS `activity_data`;
CREATE TABLE `activity_data` (
  `ID` int(11) unsigned NOT NULL AUTO_INCREMENT,
  `Bracelet_ID` varchar(20) CHARACTER SET utf8 COLLATE utf8_bin NOT NULL DEFAULT '',
  `Timestamp` int(11) unsigned NOT NULL DEFAULT '0',
  `Total_Steps` int(11) unsigned NOT NULL DEFAULT '0',
  `Total_Meters` int(11) unsigned NOT NULL DEFAULT '0',
  `Total_Jumps` int(11) unsigned NOT NULL DEFAULT '0',
  `Activity_Time` int(11) unsigned NOT NULL DEFAULT '0',
  `Calories` int(11) unsigned NOT NULL DEFAULT '0',
  `Goal` tinyint(2) unsigned NOT NULL DEFAULT '0' COMMENT 'target steps reach rate (in percent) of a BRACELET in one day.',
  `Created_date` datetime NOT NULL,
  `Updated_date` datetime NOT NULL ON UPDATE CURRENT_TIMESTAMP,
  PRIMARY KEY (`ID`),
  UNIQUE KEY `uk_BI_TS` (`Bracelet_ID`,`Timestamp`) USING BTREE
) ENGINE=InnoDB DEFAULT CHARSET=latin1;

INSERT INTO `activity_data` (`ID`, `Bracelet_ID`, `Timestamp`, `Total_Steps`, `Total_Meters`, `Total_Jumps`, `Activity_Time`, `Calories`, `Goal`, `Created_date`, `Updated_date`) VALUES
(2970,	'cfbd61fcc279',	1615161600,	325,	220,	117,	73,	1312,	3,	'2021-03-08 08:29:02',	'2021-03-08 08:46:42'),
(2971,	'c6c3d9fda097',	1615161600,	352,	210,	279,	80,	949,	3,	'2021-03-08 08:31:28',	'0000-00-00 00:00:00'),
(2972,	'cfbd61fcc279',	1615248000,	0,	0,	117,	0,	0,	0,	'2021-03-09 00:01:19',	'0000-00-00 00:00:00'),
(2973,	'c6c3d9fda097',	1615248000,	0,	0,	281,	0,	0,	0,	'2021-03-09 00:04:07',	'0000-00-00 00:00:00'),
(2974,	'cfbd61fcc279',	1615334400,	0,	0,	118,	0,	0,	0,	'2021-03-10 00:03:46',	'2021-03-10 03:58:12'),
(2975,	'c6c3d9fda097',	1615334400,	0,	0,	281,	0,	0,	0,	'2021-03-10 02:08:54',	'0000-00-00 00:00:00'),
(2976,	'e0e637a3401e',	1615334400,	0,	0,	373,	0,	0,	0,	'2021-03-10 02:40:47',	'2021-03-10 09:39:36'),
(2977,	'e0e637a3401e',	1615248000,	0,	0,	371,	0,	0,	0,	'2021-03-10 02:40:47',	'0000-00-00 00:00:00'),
(2978,	'e0e637a3401e',	1615161600,	97,	60,	370,	28,	438,	0,	'2021-03-10 02:40:47',	'0000-00-00 00:00:00'),
(2979,	'e0e637a3401e',	1615420800,	0,	0,	375,	0,	0,	0,	'2021-03-11 00:00:24',	'2021-03-11 10:00:36'),
(2980,	'cfbd61fcc279',	1615420800,	0,	0,	118,	0,	0,	0,	'2021-03-11 00:00:45',	'0000-00-00 00:00:00'),
(2981,	'c6c3d9fda097',	1615420800,	0,	0,	281,	0,	0,	0,	'2021-03-11 05:49:23',	'0000-00-00 00:00:00'),
(2982,	'c6c3d9fda097',	1615507200,	0,	0,	281,	0,	0,	0,	'2021-03-12 00:01:27',	'0000-00-00 00:00:00'),
(2983,	'cfbd61fcc279',	1615507200,	0,	0,	118,	0,	0,	0,	'2021-03-12 00:01:44',	'0000-00-00 00:00:00'),
(2984,	'e0e637a3401e',	1615507200,	0,	0,	377,	0,	0,	0,	'2021-03-12 02:47:38',	'2021-03-13 00:31:05'),
(2985,	'cfbd61fcc279',	1614816000,	0,	0,	11,	0,	0,	0,	'2021-03-12 11:30:48',	'0000-00-00 00:00:00'),
(2986,	'cfbd61fcc279',	1614729600,	0,	0,	11,	0,	0,	0,	'2021-03-12 11:30:48',	'0000-00-00 00:00:00'),
(2987,	'cfbd61fcc279',	1615075200,	0,	0,	61,	0,	0,	0,	'2021-03-12 11:30:48',	'0000-00-00 00:00:00'),
(2988,	'cfbd61fcc279',	1614988800,	0,	0,	61,	0,	0,	0,	'2021-03-12 11:30:48',	'0000-00-00 00:00:00'),
(2989,	'cfbd61fcc279',	1614902400,	228,	150,	53,	59,	669,	2,	'2021-03-12 11:30:48',	'0000-00-00 00:00:00'),
(2990,	'cfbd61fcc279',	1614643200,	0,	0,	11,	0,	0,	0,	'2021-03-12 11:30:48',	'0000-00-00 00:00:00'),
(2991,	'cfbd61fcc279',	1614556800,	0,	0,	11,	0,	0,	0,	'2021-03-12 11:30:48',	'0000-00-00 00:00:00'),
(2992,	'cfbd61fcc279',	1614470400,	0,	0,	11,	0,	0,	0,	'2021-03-12 11:30:48',	'0000-00-00 00:00:00'),
(2993,	'cfbd61fcc279',	1613952000,	0,	0,	0,	0,	0,	0,	'2021-03-12 11:30:48',	'0000-00-00 00:00:00'),
(2994,	'cfbd61fcc279',	1614384000,	0,	0,	11,	0,	0,	0,	'2021-03-12 11:30:48',	'0000-00-00 00:00:00'),
(2995,	'cfbd61fcc279',	1614297600,	0,	0,	11,	0,	0,	0,	'2021-03-12 11:30:48',	'0000-00-00 00:00:00'),
(2996,	'cfbd61fcc279',	1613865600,	0,	0,	0,	0,	0,	0,	'2021-03-12 11:30:48',	'0000-00-00 00:00:00'),
(2997,	'cfbd61fcc279',	1614211200,	0,	0,	10,	0,	0,	0,	'2021-03-12 11:30:48',	'0000-00-00 00:00:00'),
(2998,	'cfbd61fcc279',	1614124800,	36,	20,	7,	10,	144,	0,	'2021-03-12 11:30:48',	'0000-00-00 00:00:00'),
(2999,	'cfbd61fcc279',	1614038400,	0,	0,	0,	0,	0,	0,	'2021-03-12 11:30:48',	'0000-00-00 00:00:00'),
(3000,	'cfbd61fcc279',	1613779200,	0,	0,	0,	0,	0,	0,	'2021-03-12 11:30:49',	'0000-00-00 00:00:00'),
(3001,	'cfbd61fcc279',	1613692800,	0,	0,	506,	0,	0,	0,	'2021-03-12 11:30:49',	'0000-00-00 00:00:00'),
(3002,	'cfbd61fcc279',	1613606400,	0,	0,	506,	0,	0,	0,	'2021-03-12 11:30:49',	'0000-00-00 00:00:00'),
(3003,	'cfbd61fcc279',	1613520000,	0,	0,	506,	0,	0,	0,	'2021-03-12 11:30:49',	'0000-00-00 00:00:00'),
(3004,	'cfbd61fcc279',	1613433600,	0,	0,	506,	0,	0,	0,	'2021-03-12 11:30:49',	'0000-00-00 00:00:00'),
(3005,	'cfbd61fcc279',	1613347200,	0,	0,	506,	0,	0,	0,	'2021-03-12 11:30:49',	'0000-00-00 00:00:00'),
(3006,	'cfbd61fcc279',	1613260800,	0,	0,	506,	0,	0,	0,	'2021-03-12 11:30:49',	'0000-00-00 00:00:00'),
(3007,	'cfbd61fcc279',	1613174400,	0,	0,	506,	0,	0,	0,	'2021-03-12 11:30:49',	'0000-00-00 00:00:00'),
(3008,	'cfbd61fcc279',	1613088000,	0,	0,	506,	0,	0,	0,	'2021-03-12 11:30:49',	'0000-00-00 00:00:00'),
(3009,	'cfbd61fcc279',	1613001600,	0,	0,	506,	0,	0,	0,	'2021-03-12 11:30:49',	'0000-00-00 00:00:00'),
(3010,	'c6c3d9fda097',	1614816000,	0,	0,	169,	0,	0,	0,	'2021-03-12 11:31:27',	'0000-00-00 00:00:00'),
(3011,	'c6c3d9fda097',	1614729600,	0,	0,	169,	0,	0,	0,	'2021-03-12 11:31:27',	'0000-00-00 00:00:00'),
(3012,	'c6c3d9fda097',	1615075200,	0,	0,	226,	0,	0,	0,	'2021-03-12 11:31:27',	'0000-00-00 00:00:00'),
(3013,	'c6c3d9fda097',	1614988800,	0,	0,	226,	0,	0,	0,	'2021-03-12 11:31:27',	'0000-00-00 00:00:00'),
(3014,	'c6c3d9fda097',	1614902400,	295,	170,	225,	82,	1122,	2,	'2021-03-12 11:31:27',	'0000-00-00 00:00:00'),
(3015,	'c6c3d9fda097',	1614643200,	0,	0,	169,	0,	0,	0,	'2021-03-12 11:31:28',	'0000-00-00 00:00:00'),
(3016,	'c6c3d9fda097',	1614556800,	0,	0,	169,	0,	0,	0,	'2021-03-12 11:31:28',	'0000-00-00 00:00:00'),
(3017,	'c6c3d9fda097',	1614470400,	0,	0,	169,	0,	0,	0,	'2021-03-12 11:31:28',	'0000-00-00 00:00:00'),
(3018,	'c6c3d9fda097',	1614384000,	0,	0,	169,	0,	0,	0,	'2021-03-12 11:31:28',	'0000-00-00 00:00:00'),
(3019,	'c6c3d9fda097',	1614297600,	0,	0,	169,	0,	0,	0,	'2021-03-12 11:31:28',	'0000-00-00 00:00:00'),
(3020,	'c6c3d9fda097',	1614211200,	0,	0,	169,	0,	0,	0,	'2021-03-12 11:31:28',	'0000-00-00 00:00:00'),
(3021,	'c6c3d9fda097',	1614124800,	24,	10,	165,	6,	81,	0,	'2021-03-12 11:31:28',	'0000-00-00 00:00:00'),
(3022,	'c6c3d9fda097',	1614038400,	0,	0,	162,	0,	0,	0,	'2021-03-12 11:31:28',	'0000-00-00 00:00:00'),
(3023,	'c6c3d9fda097',	1613952000,	0,	0,	162,	0,	0,	0,	'2021-03-12 11:31:28',	'0000-00-00 00:00:00'),
(3024,	'c6c3d9fda097',	1613865600,	0,	0,	162,	0,	0,	0,	'2021-03-12 11:31:28',	'0000-00-00 00:00:00'),
(3025,	'c6c3d9fda097',	1613779200,	0,	0,	162,	0,	0,	0,	'2021-03-12 11:31:28',	'0000-00-00 00:00:00'),
(3026,	'c6c3d9fda097',	1613088000,	0,	0,	162,	0,	0,	0,	'2021-03-12 11:31:28',	'0000-00-00 00:00:00'),
(3027,	'c6c3d9fda097',	1613001600,	0,	0,	162,	0,	0,	0,	'2021-03-12 11:31:28',	'0000-00-00 00:00:00'),
(3028,	'c6c3d9fda097',	1613692800,	0,	0,	162,	0,	0,	0,	'2021-03-12 11:31:28',	'0000-00-00 00:00:00'),
(3029,	'c6c3d9fda097',	1613606400,	0,	0,	162,	0,	0,	0,	'2021-03-12 11:31:28',	'0000-00-00 00:00:00'),
(3030,	'c6c3d9fda097',	1613520000,	0,	0,	162,	0,	0,	0,	'2021-03-12 11:31:28',	'0000-00-00 00:00:00'),
(3031,	'c6c3d9fda097',	1613433600,	0,	0,	162,	0,	0,	0,	'2021-03-12 11:31:28',	'0000-00-00 00:00:00'),
(3032,	'c6c3d9fda097',	1613347200,	0,	0,	162,	0,	0,	0,	'2021-03-12 11:31:28',	'0000-00-00 00:00:00'),
(3033,	'c6c3d9fda097',	1613260800,	0,	0,	162,	0,	0,	0,	'2021-03-12 11:31:28',	'0000-00-00 00:00:00'),
(3034,	'c6c3d9fda097',	1613174400,	0,	0,	162,	0,	0,	0,	'2021-03-12 11:31:28',	'0000-00-00 00:00:00'),
(3035,	'e0e637a3401e',	1615075200,	0,	0,	349,	0,	0,	0,	'2021-03-12 11:39:11',	'0000-00-00 00:00:00'),
(3036,	'e0e637a3401e',	1614988800,	0,	0,	349,	0,	0,	0,	'2021-03-12 11:39:11',	'0000-00-00 00:00:00'),
(3037,	'e0e637a3401e',	1614902400,	234,	160,	349,	59,	767,	2,	'2021-03-12 11:39:11',	'0000-00-00 00:00:00'),
(3038,	'e0e637a3401e',	1614816000,	0,	0,	301,	0,	0,	0,	'2021-03-12 11:39:11',	'0000-00-00 00:00:00'),
(3039,	'e0e637a3401e',	1614729600,	0,	0,	301,	0,	0,	0,	'2021-03-12 11:39:11',	'0000-00-00 00:00:00'),
(3040,	'e0e637a3401e',	1614643200,	0,	0,	301,	0,	0,	0,	'2021-03-12 11:39:12',	'0000-00-00 00:00:00'),
(3041,	'e0e637a3401e',	1614556800,	0,	0,	301,	0,	0,	0,	'2021-03-12 11:39:12',	'0000-00-00 00:00:00'),
(3042,	'e0e637a3401e',	1614470400,	0,	0,	301,	0,	0,	0,	'2021-03-12 11:39:12',	'0000-00-00 00:00:00'),
(3043,	'e0e637a3401e',	1614384000,	0,	0,	301,	0,	0,	0,	'2021-03-12 11:39:12',	'0000-00-00 00:00:00'),
(3044,	'e0e637a3401e',	1614297600,	0,	0,	301,	0,	0,	0,	'2021-03-12 11:39:12',	'0000-00-00 00:00:00'),
(3045,	'e0e637a3401e',	1614211200,	0,	0,	301,	0,	0,	0,	'2021-03-12 11:39:12',	'0000-00-00 00:00:00'),
(3046,	'e0e637a3401e',	1614124800,	24,	10,	301,	3,	98,	0,	'2021-03-12 11:39:12',	'0000-00-00 00:00:00'),
(3047,	'e0e637a3401e',	1614038400,	0,	0,	293,	0,	0,	0,	'2021-03-12 11:39:12',	'0000-00-00 00:00:00'),
(3048,	'e0e637a3401e',	1613952000,	0,	0,	293,	0,	0,	0,	'2021-03-12 11:39:12',	'0000-00-00 00:00:00'),
(3049,	'e0e637a3401e',	1613865600,	0,	0,	293,	0,	0,	0,	'2021-03-12 11:39:12',	'0000-00-00 00:00:00'),
(3050,	'e0e637a3401e',	1613779200,	0,	0,	293,	0,	0,	0,	'2021-03-12 11:39:25',	'0000-00-00 00:00:00'),
(3051,	'e0e637a3401e',	1613692800,	0,	0,	293,	0,	0,	0,	'2021-03-12 11:39:25',	'0000-00-00 00:00:00'),
(3052,	'e0e637a3401e',	1613606400,	0,	0,	293,	0,	0,	0,	'2021-03-12 11:39:25',	'0000-00-00 00:00:00'),
(3053,	'e0e637a3401e',	1613520000,	0,	0,	293,	0,	0,	0,	'2021-03-12 11:39:25',	'0000-00-00 00:00:00'),
(3054,	'e0e637a3401e',	1613433600,	0,	0,	293,	0,	0,	0,	'2021-03-12 11:39:25',	'0000-00-00 00:00:00'),
(3055,	'e0e637a3401e',	1613347200,	0,	0,	293,	0,	0,	0,	'2021-03-12 11:39:25',	'0000-00-00 00:00:00'),
(3056,	'e0e637a3401e',	1613260800,	0,	0,	293,	0,	0,	0,	'2021-03-12 11:39:25',	'0000-00-00 00:00:00'),
(3057,	'e0e637a3401e',	1613174400,	0,	0,	293,	0,	0,	0,	'2021-03-12 11:39:25',	'0000-00-00 00:00:00'),
(3058,	'e0e637a3401e',	1613088000,	0,	0,	293,	0,	0,	0,	'2021-03-12 11:39:25',	'0000-00-00 00:00:00'),
(3059,	'e0e637a3401e',	1613001600,	0,	0,	293,	0,	0,	0,	'2021-03-12 11:39:25',	'0000-00-00 00:00:00'),
(3060,	'cfbd61fcc279',	1615593600,	0,	0,	118,	0,	0,	0,	'2021-03-13 00:00:45',	'0000-00-00 00:00:00'),
(3061,	'c6c3d9fda097',	1615593600,	0,	0,	281,	0,	0,	0,	'2021-03-13 00:19:06',	'0000-00-00 00:00:00'),
(3062,	'e0e637a3401e',	1615593600,	0,	0,	377,	0,	0,	0,	'2021-03-13 00:31:05',	'0000-00-00 00:00:00'),
(3063,	'cfbd61fcc279',	1615680000,	0,	0,	118,	0,	0,	0,	'2021-03-14 00:00:44',	'0000-00-00 00:00:00'),
(3064,	'c6c3d9fda097',	1615680000,	0,	0,	281,	0,	0,	0,	'2021-03-14 04:02:18',	'0000-00-00 00:00:00'),
(3065,	'cfbd61fcc279',	1615766400,	0,	0,	118,	0,	0,	0,	'2021-03-15 00:00:55',	'0000-00-00 00:00:00'),
(3066,	'e0e637a3401e',	1615766400,	0,	0,	378,	0,	0,	0,	'2021-03-15 02:54:06',	'0000-00-00 00:00:00'),
(3067,	'e0e637a3401e',	1615680000,	0,	0,	377,	0,	0,	0,	'2021-03-15 02:54:06',	'0000-00-00 00:00:00'),
(3068,	'c6c3d9fda097',	1615766400,	0,	0,	281,	0,	0,	0,	'2021-03-15 06:23:21',	'0000-00-00 00:00:00'),
(3069,	'cfbd61fcc279',	1615852800,	0,	0,	118,	0,	0,	0,	'2021-03-16 00:02:23',	'0000-00-00 00:00:00'),
(3070,	'c6c3d9fda097',	1615852800,	0,	0,	281,	0,	0,	0,	'2021-03-16 00:08:14',	'0000-00-00 00:00:00'),
(3071,	'cfbd61fcc279',	1615939200,	0,	0,	118,	0,	0,	0,	'2021-03-17 00:02:51',	'0000-00-00 00:00:00'),
(3072,	'c6c3d9fda097',	1615939200,	0,	0,	281,	0,	0,	0,	'2021-03-17 00:47:08',	'0000-00-00 00:00:00'),
(3073,	'e0e637a3401e',	1615939200,	0,	0,	378,	0,	0,	0,	'2021-03-17 07:05:06',	'0000-00-00 00:00:00'),
(3074,	'e0e637a3401e',	1615852800,	0,	0,	378,	0,	0,	0,	'2021-03-17 07:05:06',	'0000-00-00 00:00:00'),
(3075,	'cfbd61fcc279',	1616025600,	833,	580,	278,	238,	1384,	8,	'2021-03-18 00:04:10',	'2021-03-18 08:24:16'),
(3076,	'c6c3d9fda097',	1616025600,	0,	0,	281,	0,	0,	0,	'2021-03-18 04:29:50',	'0000-00-00 00:00:00'),
(3077,	'cfbd61fcc279',	1616112000,	0,	0,	278,	0,	0,	0,	'2021-03-19 00:04:32',	'0000-00-00 00:00:00'),
(3078,	'e0e637a3401e',	1616112000,	0,	0,	378,	0,	0,	0,	'2021-03-19 03:36:45',	'0000-00-00 00:00:00'),
(3079,	'e0e637a3401e',	1616025600,	0,	0,	378,	0,	0,	0,	'2021-03-19 03:36:45',	'0000-00-00 00:00:00'),
(3080,	'c6c3d9fda097',	1616112000,	0,	0,	281,	0,	0,	0,	'2021-03-19 07:49:36',	'0000-00-00 00:00:00'),
(3081,	'cfbd61fcc279',	1616198400,	0,	0,	278,	0,	0,	0,	'2021-03-20 00:00:43',	'0000-00-00 00:00:00'),
(3082,	'cfbd61fcc279',	1616284800,	0,	0,	278,	0,	0,	0,	'2021-03-21 00:00:05',	'0000-00-00 00:00:00'),
(3083,	'c6c3d9fda097',	1616371200,	0,	0,	281,	0,	0,	0,	'2021-03-22 01:43:58',	'0000-00-00 00:00:00'),
(3084,	'c6c3d9fda097',	1616284800,	0,	0,	281,	0,	0,	0,	'2021-03-22 01:43:58',	'0000-00-00 00:00:00'),
(3085,	'c6c3d9fda097',	1616198400,	0,	0,	281,	0,	0,	0,	'2021-03-22 01:43:58',	'0000-00-00 00:00:00'),
(3086,	'e0e637a3401e',	1616371200,	0,	0,	378,	0,	0,	0,	'2021-03-22 02:24:01',	'0000-00-00 00:00:00'),
(3087,	'e0e637a3401e',	1616284800,	0,	0,	378,	0,	0,	0,	'2021-03-22 02:24:01',	'0000-00-00 00:00:00'),
(3088,	'e0e637a3401e',	1616198400,	0,	0,	378,	0,	0,	0,	'2021-03-22 02:24:01',	'0000-00-00 00:00:00'),
(3089,	'c6c3d9fda097',	1616457600,	0,	0,	281,	0,	0,	0,	'2021-03-23 09:05:14',	'0000-00-00 00:00:00'),
(3090,	'c6c3d9fda097',	1616544000,	0,	0,	281,	0,	0,	0,	'2021-03-24 08:59:59',	'0000-00-00 00:00:00'),
(3091,	'c6c3d9fda097',	1616630400,	0,	0,	281,	0,	0,	0,	'2021-03-25 04:04:37',	'0000-00-00 00:00:00'),
(3092,	'c6c3d9fda097',	1616716800,	0,	0,	281,	0,	0,	0,	'2021-03-26 00:02:28',	'0000-00-00 00:00:00'),
(3093,	'c6c3d9fda097',	1616976000,	0,	0,	281,	0,	0,	0,	'2021-03-29 10:47:22',	'0000-00-00 00:00:00'),
(3094,	'c6c3d9fda097',	1616889600,	0,	0,	281,	0,	0,	0,	'2021-03-29 10:47:22',	'0000-00-00 00:00:00'),
(3095,	'c6c3d9fda097',	1616803200,	0,	0,	281,	0,	0,	0,	'2021-03-29 10:47:22',	'0000-00-00 00:00:00'),
(3096,	'c6c3d9fda097',	1617062400,	0,	0,	281,	0,	0,	0,	'2021-03-30 01:26:48',	'0000-00-00 00:00:00'),
(3097,	'c6c3d9fda097',	1617148800,	0,	0,	281,	0,	0,	0,	'2021-03-31 02:45:43',	'0000-00-00 00:00:00'),
(3098,	'c6c3d9fda097',	1617235200,	0,	0,	283,	0,	0,	0,	'2021-04-01 00:59:43',	'2021-04-02 03:37:55'),
(3099,	'e0e637a3401e',	1617321600,	0,	0,	382,	0,	0,	0,	'2021-04-02 03:37:45',	'2021-04-12 03:17:39'),
(3100,	'e0e637a3401e',	1616630400,	0,	0,	378,	0,	0,	0,	'2021-04-02 03:37:45',	'0000-00-00 00:00:00'),
(3101,	'e0e637a3401e',	1617235200,	0,	0,	378,	0,	0,	0,	'2021-04-02 03:37:45',	'0000-00-00 00:00:00'),
(3102,	'e0e637a3401e',	1616544000,	0,	0,	378,	0,	0,	0,	'2021-04-02 03:37:45',	'0000-00-00 00:00:00'),
(3103,	'e0e637a3401e',	1617148800,	0,	0,	378,	0,	0,	0,	'2021-04-02 03:37:45',	'0000-00-00 00:00:00'),
(3104,	'e0e637a3401e',	1617062400,	0,	0,	378,	0,	0,	0,	'2021-04-02 03:37:45',	'0000-00-00 00:00:00'),
(3105,	'e0e637a3401e',	1616976000,	0,	0,	378,	0,	0,	0,	'2021-04-02 03:37:45',	'0000-00-00 00:00:00'),
(3106,	'e0e637a3401e',	1616889600,	0,	0,	378,	0,	0,	0,	'2021-04-02 03:37:45',	'0000-00-00 00:00:00'),
(3107,	'e0e637a3401e',	1616803200,	0,	0,	378,	0,	0,	0,	'2021-04-02 03:37:45',	'0000-00-00 00:00:00'),
(3108,	'e0e637a3401e',	1616716800,	0,	0,	378,	0,	0,	0,	'2021-04-02 03:37:45',	'0000-00-00 00:00:00'),
(3109,	'e0e637a3401e',	1616457600,	0,	0,	378,	0,	0,	0,	'2021-04-02 03:37:45',	'0000-00-00 00:00:00'),
(3110,	'c6c3d9fda097',	1617321600,	0,	0,	284,	0,	0,	0,	'2021-04-02 03:37:55',	'2021-04-02 03:52:48'),
(3111,	'c6c3d9fda097',	1617494400,	0,	0,	284,	0,	0,	0,	'2021-04-04 02:25:49',	'0000-00-00 00:00:00'),
(3112,	'c6c3d9fda097',	1617408000,	0,	0,	284,	0,	0,	0,	'2021-04-04 02:25:49',	'0000-00-00 00:00:00'),
(3113,	'c6c3d9fda097',	1617580800,	0,	0,	284,	0,	0,	0,	'2021-04-05 00:08:41',	'0000-00-00 00:00:00'),
(3114,	'c6c3d9fda097',	1617667200,	0,	0,	284,	0,	0,	0,	'2021-04-06 02:40:45',	'0000-00-00 00:00:00'),
(3115,	'c6c3d9fda097',	1617753600,	0,	0,	284,	0,	0,	0,	'2021-04-07 05:57:35',	'0000-00-00 00:00:00'),
(3116,	'c6c3d9fda097',	1617926400,	0,	0,	284,	0,	0,	0,	'2021-04-09 07:01:26',	'0000-00-00 00:00:00'),
(3117,	'c6c3d9fda097',	1617840000,	0,	0,	284,	0,	0,	0,	'2021-04-09 07:01:26',	'0000-00-00 00:00:00'),
(3118,	'c6c3d9fda097',	1618185600,	0,	0,	284,	0,	0,	0,	'2021-04-12 03:17:20',	'0000-00-00 00:00:00'),
(3119,	'c6c3d9fda097',	1618099200,	0,	0,	284,	0,	0,	0,	'2021-04-12 03:17:20',	'0000-00-00 00:00:00'),
(3120,	'c6c3d9fda097',	1618012800,	0,	0,	284,	0,	0,	0,	'2021-04-12 03:17:20',	'0000-00-00 00:00:00'),
(3121,	'e0e637a3401e',	1618185600,	0,	0,	383,	0,	0,	0,	'2021-04-12 03:17:23',	'2021-04-19 09:13:38'),
(3122,	'e0e637a3401e',	1618099200,	0,	0,	382,	0,	0,	0,	'2021-04-12 03:17:23',	'0000-00-00 00:00:00'),
(3123,	'e0e637a3401e',	1618012800,	0,	0,	382,	0,	0,	0,	'2021-04-12 03:17:23',	'0000-00-00 00:00:00'),
(3124,	'e0e637a3401e',	1617926400,	0,	0,	382,	0,	0,	0,	'2021-04-12 03:17:23',	'0000-00-00 00:00:00'),
(3125,	'e0e637a3401e',	1617840000,	0,	0,	382,	0,	0,	0,	'2021-04-12 03:17:23',	'0000-00-00 00:00:00'),
(3126,	'e0e637a3401e',	1617753600,	0,	0,	382,	0,	0,	0,	'2021-04-12 03:17:23',	'0000-00-00 00:00:00'),
(3127,	'e0e637a3401e',	1617667200,	0,	0,	382,	0,	0,	0,	'2021-04-12 03:17:23',	'0000-00-00 00:00:00'),
(3128,	'e0e637a3401e',	1617580800,	0,	0,	382,	0,	0,	0,	'2021-04-12 03:17:23',	'0000-00-00 00:00:00'),
(3129,	'e0e637a3401e',	1617494400,	0,	0,	382,	0,	0,	0,	'2021-04-12 03:17:23',	'0000-00-00 00:00:00'),
(3130,	'e0e637a3401e',	1617408000,	0,	0,	382,	0,	0,	0,	'2021-04-12 03:17:23',	'0000-00-00 00:00:00'),
(3131,	'c6c3d9fda097',	1618272000,	0,	0,	284,	0,	0,	0,	'2021-04-13 00:01:16',	'0000-00-00 00:00:00'),
(3132,	'e0e637a3401e',	1618272000,	0,	0,	383,	0,	0,	0,	'2021-04-13 01:25:04',	'0000-00-00 00:00:00'),
(3133,	'c6c3d9fda097',	1618358400,	0,	0,	284,	0,	0,	0,	'2021-04-14 00:04:32',	'0000-00-00 00:00:00'),
(3134,	'e0e637a3401e',	1618358400,	0,	0,	383,	0,	0,	0,	'2021-04-14 02:00:26',	'0000-00-00 00:00:00'),
(3135,	'c6c3d9fda097',	1618444800,	0,	0,	284,	0,	0,	0,	'2021-04-15 00:00:15',	'0000-00-00 00:00:00'),
(3136,	'e0e637a3401e',	1618444800,	0,	0,	383,	0,	0,	0,	'2021-04-15 18:04:37',	'0000-00-00 00:00:00'),
(3137,	'c6c3d9fda097',	1618531200,	0,	0,	284,	0,	0,	0,	'2021-04-16 00:01:17',	'0000-00-00 00:00:00'),
(3138,	'c6c3d9fda097',	1618617600,	0,	0,	284,	0,	0,	0,	'2021-04-17 00:01:19',	'0000-00-00 00:00:00'),
(3139,	'c6c3d9fda097',	1618704000,	0,	0,	284,	0,	0,	0,	'2021-04-18 03:44:16',	'0000-00-00 00:00:00'),
(3140,	'c6c3d9fda097',	1618790400,	0,	0,	284,	0,	0,	0,	'2021-04-19 00:02:38',	'0000-00-00 00:00:00'),
(3141,	'e0e637a3401e',	1618790400,	0,	0,	383,	0,	0,	0,	'2021-04-19 09:13:38',	'0000-00-00 00:00:00'),
(3142,	'e0e637a3401e',	1618704000,	0,	0,	383,	0,	0,	0,	'2021-04-19 09:13:38',	'0000-00-00 00:00:00'),
(3143,	'e0e637a3401e',	1618617600,	0,	0,	383,	0,	0,	0,	'2021-04-19 09:13:38',	'0000-00-00 00:00:00'),
(3144,	'e0e637a3401e',	1618531200,	0,	0,	383,	0,	0,	0,	'2021-04-19 09:13:38',	'0000-00-00 00:00:00'),
(3145,	'c6c3d9fda097',	1618876800,	0,	0,	284,	0,	0,	0,	'2021-04-20 00:23:30',	'0000-00-00 00:00:00'),
(3146,	'e0e637a3401e',	1618876800,	0,	0,	383,	0,	0,	0,	'2021-04-20 03:57:52',	'0000-00-00 00:00:00'),
(3147,	'c6c3d9fda097',	1618963200,	0,	0,	284,	0,	0,	0,	'2021-04-21 01:21:37',	'0000-00-00 00:00:00'),
(3148,	'e0e637a3401e',	1618963200,	0,	0,	383,	0,	0,	0,	'2021-04-21 01:55:59',	'0000-00-00 00:00:00'),
(3149,	'c6c3d9fda097',	1619049600,	0,	0,	284,	0,	0,	0,	'2021-04-22 02:37:30',	'0000-00-00 00:00:00'),
(3150,	'e0e637a3401e',	1619136000,	0,	0,	383,	0,	0,	0,	'2021-04-23 03:42:19',	'0000-00-00 00:00:00'),
(3151,	'e0e637a3401e',	1619049600,	0,	0,	383,	0,	0,	0,	'2021-04-23 03:42:19',	'0000-00-00 00:00:00'),
(3152,	'c6c3d9fda097',	1619136000,	0,	0,	284,	0,	0,	0,	'2021-04-23 06:17:50',	'0000-00-00 00:00:00');

DROP TABLE IF EXISTS `activity_data_dev`;
CREATE TABLE `activity_data_dev` (
  `ID` int(11) unsigned NOT NULL AUTO_INCREMENT,
  `Bracelet_ID` varchar(20) CHARACTER SET utf8 COLLATE utf8_bin NOT NULL DEFAULT '',
  `Timestamp` int(11) unsigned NOT NULL DEFAULT '0',
  `Total_Steps` int(11) unsigned NOT NULL DEFAULT '0',
  `Total_Meters` int(11) unsigned NOT NULL DEFAULT '0',
  `Total_Jumps` int(11) unsigned NOT NULL DEFAULT '0',
  `Activity_Time` int(11) unsigned NOT NULL DEFAULT '0',
  `Calories` int(11) unsigned NOT NULL DEFAULT '0',
  `Goal` tinyint(2) unsigned NOT NULL DEFAULT '0' COMMENT 'target steps reach rate (in percent) of a BRACELET in one day.',
  `Created_date` datetime NOT NULL,
  `Updated_date` datetime NOT NULL DEFAULT '0000-00-00 00:00:00' ON UPDATE CURRENT_TIMESTAMP,
  PRIMARY KEY (`ID`),
  UNIQUE KEY `Ind_BI_TS` (`Bracelet_ID`,`Timestamp`) USING BTREE
) ENGINE=InnoDB DEFAULT CHARSET=latin1;


DROP TABLE IF EXISTS `class`;
CREATE TABLE `class` (
  `C_ID` int(11) NOT NULL AUTO_INCREMENT,
  `Sc_ID` int(11) NOT NULL,
  `C_Class_Name` varchar(255) NOT NULL,
  `Class_ID` varchar(255) DEFAULT NULL,
  `Created_date` datetime NOT NULL,
  PRIMARY KEY (`C_ID`)
) ENGINE=InnoDB DEFAULT CHARSET=latin1;

INSERT INTO `class` (`C_ID`, `Sc_ID`, `C_Class_Name`, `Class_ID`, `Created_date`) VALUES
(1,	4,	'Class B',	NULL,	'2019-11-06 12:21:44'),
(2,	20,	'Class B',	NULL,	'2019-11-06 11:14:45'),
(3,	1,	'Class A',	NULL,	'2019-11-06 11:18:07'),
(5,	20,	'Class C',	NULL,	'2019-11-06 11:18:19'),
(6,	3,	'Class B',	NULL,	'2019-11-06 12:13:59'),
(7,	20,	'Class A',	NULL,	'2019-11-06 11:14:45'),
(64,	20,	'Class D',	NULL,	'2020-10-31 15:23:48'),
(65,	20,	'Class F',	NULL,	'2020-10-31 15:27:54'),
(66,	20,	'one',	NULL,	'2020-11-10 11:26:05'),
(67,	20,	'202011',	NULL,	'2020-11-11 06:21:10'),
(68,	20,	'202011',	NULL,	'2020-11-11 06:22:02'),
(69,	20,	'TEST',	NULL,	'2020-11-13 08:04:36'),
(70,	20,	'20201116',	NULL,	'2020-11-16 03:01:58'),
(71,	20,	'20201117',	NULL,	'2020-11-17 08:49:52'),
(72,	20,	'TestNik',	NULL,	'2020-11-17 13:49:12'),
(73,	20,	'TestNik',	NULL,	'2020-11-17 13:49:36'),
(74,	20,	'TestNikk',	NULL,	'2020-11-17 13:51:41'),
(75,	20,	'TestNikkewc',	NULL,	'2020-11-17 13:51:54'),
(76,	20,	'TestNikkTEst',	NULL,	'2020-11-17 13:52:33'),
(77,	20,	'Rest',	NULL,	'2020-11-17 13:57:25'),
(78,	20,	'abc',	NULL,	'2020-11-17 13:57:46'),
(79,	20,	'afcc',	NULL,	'2020-11-17 13:58:00'),
(80,	20,	'V-Class',	NULL,	'2020-11-18 11:14:06'),
(81,	20,	'Vishal-Laravel Class',	NULL,	'2020-11-18 11:18:52'),
(82,	20,	'TestNik',	NULL,	'2020-11-18 13:26:21'),
(83,	20,	'TestNik3',	NULL,	'2020-11-18 13:26:40'),
(84,	20,	'TestNik',	NULL,	'2020-11-22 16:45:23'),
(85,	20,	'TestQC',	NULL,	'2020-11-22 16:46:45'),
(86,	20,	'TestNik',	NULL,	'2020-11-24 18:52:40'),
(87,	20,	'TestNik',	NULL,	'2020-11-24 18:52:54'),
(88,	20,	'111',	NULL,	'2020-11-24 18:54:32'),
(90,	20,	'xiaobingf',	NULL,	'2020-11-27 02:33:49'),
(91,	20,	'111',	NULL,	'2020-11-27 02:34:00'),
(92,	20,	'123',	NULL,	'2020-11-27 02:38:33'),
(93,	20,	'test data?Please don\'t move the data?',	' PAT193',	'2021-03-19 07:44:57'),
(94,	20,	'TestNikwithout teacher',	NULL,	'2020-11-27 10:11:06'),
(95,	20,	'z',	NULL,	'2020-11-27 11:41:53'),
(96,	20,	'testbyvishltodayCSRF',	NULL,	'2020-11-27 12:14:33'),
(97,	20,	'TestNik',	NULL,	'2020-11-27 12:15:09'),
(98,	20,	'TestNik',	NULL,	'2020-11-27 12:15:36'),
(99,	20,	'Dec',	NULL,	'2020-11-30 07:19:23'),
(100,	20,	'Dec',	NULL,	'2020-11-30 07:20:18'),
(101,	20,	'A',	NULL,	'2020-11-30 18:50:21'),
(102,	20,	'B',	' PAT202',	'2020-12-07 07:17:22'),
(103,	20,	'Class D',	NULL,	'2020-11-30 18:57:06'),
(104,	20,	'Class E0',	NULL,	'2020-11-30 19:03:06'),
(105,	20,	'Class P1',	NULL,	'2020-11-30 19:04:49'),
(106,	20,	'c',	NULL,	'2020-11-30 19:05:25'),
(107,	20,	'class z',	NULL,	'2020-12-01 08:16:39'),
(108,	20,	'Class Q',	NULL,	'2020-12-01 08:18:13'),
(155,	0,	'C_Class_Name',	NULL,	'0000-00-00 00:00:00'),
(207,	20,	'20201204',	NULL,	'2020-12-04 03:35:41'),
(208,	20,	'Testclasscountt',	' PAT308',	'2020-12-15 14:55:42'),
(210,	20,	'20210204',	' PAT310',	'2021-03-09 10:19:52'),
(216,	20,	'2021223',	' PAT316',	'2021-02-23 10:11:45'),
(218,	20,	'test 121',	' PAT317',	'2021-03-09 10:31:54'),
(219,	20,	'20210318',	' PAT319',	'2021-03-18 06:08:30'),
(220,	23,	'Grade 10',	NULL,	'2021-03-19 05:10:47'),
(221,	24,	'1',	' PAT321',	'2021-03-19 07:49:21'),
(222,	25,	'1',	' PAT322',	'2021-03-30 04:23:28'),
(223,	25,	'a2',	NULL,	'2021-03-30 04:30:50'),
(224,	23,	'Grade 9',	NULL,	'2021-03-31 04:41:13'),
(225,	23,	'Grade 8',	NULL,	'2021-03-31 04:41:23');

DROP TABLE IF EXISTS `import_data_json`;
CREATE TABLE `import_data_json` (
  `ID` int(11) NOT NULL AUTO_INCREMENT,
  `Full_response` text NOT NULL,
  `Created_data` datetime NOT NULL,
  PRIMARY KEY (`ID`)
) ENGINE=InnoDB DEFAULT CHARSET=latin1;


DROP TABLE IF EXISTS `login`;
CREATE TABLE `login` (
  `ID` int(11) NOT NULL AUTO_INCREMENT,
  `Username` varchar(100) NOT NULL,
  `Email` varchar(150) NOT NULL,
  `Password` varchar(255) NOT NULL,
  `Role` enum('1','2','3','4') NOT NULL COMMENT '1 for Admin,2 for Teacher,3 for School,4 for Parent',
  `BraceletID` varchar(255) DEFAULT NULL,
  `status` enum('1','2') NOT NULL DEFAULT '2' COMMENT '1 for active,2 for Inactive',
  `remeber_token` varchar(255) DEFAULT NULL,
  `Created_date` datetime NOT NULL,
  `Last_login` datetime NOT NULL,
  `Ip_address` varchar(255) DEFAULT NULL,
  PRIMARY KEY (`ID`)
) ENGINE=InnoDB DEFAULT CHARSET=latin1;

INSERT INTO `login` (`ID`, `Username`, `Email`, `Password`, `Role`, `BraceletID`, `status`, `remeber_token`, `Created_date`, `Last_login`, `Ip_address`) VALUES
(1,	'Admin',	'admin@admin.com',	'4610bf1e900e47e29ba28581422e4da1',	'1',	'NULL',	'2',	'NULL',	'2019-11-05 00:00:00',	'2021-04-01 10:18:24',	'144.202.89.206'),
(2,	'Gautam',	'sahdJ@gmail.com',	'e10adc3949ba59abbe56e057f20f883e',	'3',	'NULL',	'2',	'zHNij8DEwdBxAhclGFfShZkFnhu7kRLDzVE7Lawa1c4IJsBQQ5',	'2019-11-05 13:51:02',	'2020-01-24 09:50:07',	'::1'),
(12,	'Test',	'ttestet@gmail.com',	'5a2b27afb438193d99817cc61eaca7e6',	'2',	'NULL',	'2',	'NULL',	'2019-11-10 12:06:01',	'2020-05-08 12:48:06',	'43.241.144.249'),
(14,	'Testtttt',	'ttsatdeasds@gmali.com',	'76c6852b686d31e61921df87507e854e',	'4',	'NULL',	'2',	'NULL',	'2019-11-11 07:19:54',	'0000-00-00 00:00:00',	'NULL'),
(16,	'Test123',	'sdfsfs@gmail.com',	'2218593716add0b0585537c1539dacab',	'3',	'NULL',	'2',	'NULL',	'2019-11-11 08:02:17',	'2019-11-11 12:54:59',	'::1'),
(17,	'findlay',	'findlay.fynnigan@iiron.us',	'dfd8eb00bfb38391ccf2877e4caa1787',	'4',	'NULL',	'2',	'NULL',	'2019-11-11 08:19:01',	'0000-00-00 00:00:00',	'NULL'),
(18,	'aerion',	'aerion.rigley@iiron.us',	'63802f04b2461f42199d3ad50b57578e',	'4',	'NULL',	'2',	'NULL',	'2019-11-11 08:19:14',	'2020-05-08 12:47:20',	'43.241.144.249'),
(19,	'Ives',	'ives.dairon@iiron.us',	'73c782d8dcc70fb693c3f77c74880d9d',	'4',	'NULL',	'2',	'NULL',	'2019-11-11 08:19:29',	'2021-01-04 11:14:10',	'49.34.175.48'),
(20,	'Manan',	'manan.tanish@iiron.us',	'e5fdd48b6f8f324a746e41fffd4c68bd',	'3',	'NULL',	'2',	'NULL',	'2019-11-11 08:20:12',	'2020-05-08 12:47:45',	'43.241.144.249'),
(21,	'payej',	'payejow640@reqaxv.com',	'c0a506b22aa53cbc98f02303b8fbbc47',	'4',	'NULL',	'2',	'NULL',	'2020-05-08 12:50:00',	'2020-05-13 08:33:56',	'114.84.18.200'),
(22,	'sasovad730',	'sasovad730@zaelmo.com',	'f4cb5fb32e358251e8fa9679f9310cf8',	'3',	'NULL',	'2',	'NULL',	'2020-05-08 12:51:01',	'2020-05-13 08:34:47',	'114.84.18.200'),
(23,	'dopepi5734',	'dopepi5734@toracw.com',	'84f70508d5c619c96fc9c6f185c88e7f',	'2',	'NULL',	'2',	'NULL',	'2020-05-08 12:51:57',	'2020-09-02 08:25:01',	'27.57.160.141'),
(24,	'Test111',	'bracelet@gmail.com',	'4297f44b13955235245b2497399d7a93',	'4',	'c6c3d9fda097',	'2',	'xgrqlwyxTtqj0BOSxbUj7A5DbzmifzgCDOSbFiLLayqvr80jUc',	'2020-09-11 16:46:30',	'2021-03-16 07:32:04',	'167.179.116.111'),
(25,	'Admin',	'admin@admin.com',	'4297f44b13955235245b2497399d7a93',	'1',	'c6c3d9fda097',	'2',	'NULL',	'2020-09-11 16:46:30',	'2021-04-01 10:18:24',	'144.202.89.206'),
(49,	'Pritesh',	'priteshhirpara17@gmail.com',	'4297f44b13955235245b2497399d7a93',	'4',	'fdc2bd40e9d1',	'2',	'NULL',	'2020-10-24 10:19:02',	'2020-11-08 08:16:23',	'103.238.104.34'),
(50,	'pritesh',	'admin1@admin.com',	'4297f44b13955235245b2497399d7a93',	'4',	'fdc2bd40e9d1',	'2',	'NULL',	'2020-10-24 13:51:20',	'2020-10-24 13:51:25',	'::1'),
(51,	'sahjanand',	's@gmail.com',	'd47c5d15dec4b08e185615a5073bb8ab',	'1',	'NULL',	'2',	'NULL',	'2020-10-24 14:23:12',	'2020-10-27 07:58:55',	'::1'),
(54,	'pritesh',	'ad@ad.com',	'a935c4eb305b8aa56498379e3ce814b4',	'4',	'NULL',	'2',	'NULL',	'2020-10-24 15:36:04',	'0000-00-00 00:00:00',	'NULL'),
(58,	'abcd',	'abcd@dcba.com',	'63ee451939ed580ef3c4b6f0109d1fd0',	'1',	'NULL',	'2',	'NULL',	'2020-10-25 22:03:42',	'0000-00-00 00:00:00',	'NULL'),
(66,	'New_Teacher',	'new@teacher.com',	'e10adc3949ba59abbe56e057f20f883e',	'1',	'NULL',	'2',	'NULL',	'2020-10-28 16:42:11',	'2020-11-21 09:32:43',	'103.86.19.40'),
(67,	'New_Teacher1',	'new@teacher1.com',	'e10adc3949ba59abbe56e057f20f883e',	'2',	'NULL',	'2',	'NULL',	'2020-10-28 16:45:57',	'2021-03-17 17:40:24',	'103.85.9.165'),
(68,	'New_Teacher2',	'new@teacher2.com',	'e10adc3949ba59abbe56e057f20f883e',	'2',	'NULL',	'2',	'NULL',	'2020-10-28 16:49:14',	'2021-03-17 17:50:42',	'103.85.9.165'),
(82,	'Kylee',	'kyle123@email.com',	'e10adc3949ba59abbe56e057f20f883e',	'4',	'NULL',	'2',	'p0DPfFVFNKx5uHIi2vJDB4FmdpfotsepLafLps32lzW6R9zeM3',	'2020-11-01 10:10:23',	'2021-03-18 14:18:52',	'103.85.9.165'),
(88,	'Admin Teacher',	'admin@teacher.com',	'4297f44b13955235245b2497399d7a93',	'2',	'NULL',	'2',	'NULL',	'2020-11-02 19:52:35',	'2021-03-22 06:40:11',	'167.179.116.111'),
(89,	'Teacher1',	'teacher1@gmail.com',	'63ee451939ed580ef3c4b6f0109d1fd0',	'2',	'NULL',	'2',	'NULL',	'2020-11-03 09:01:29',	'0000-00-00 00:00:00',	'NULL'),
(95,	'Test111',	'bracelet@gmail.com',	'4297f44b13955235245b2497399d7a93',	'4',	'NULL',	'2',	'xgrqlwyxTtqj0BOSxbUj7A5DbzmifzgCDOSbFiLLayqvr80jUc',	'2020-11-10 07:45:38',	'2021-03-16 07:32:04',	'167.179.116.111'),
(97,	'1',	'dddd@gmai',	'1',	'1',	'NULL',	'2',	'NULL',	'2020-11-17 08:59:45',	'0000-00-00 00:00:00',	'NULL'),
(98,	'20201111',	'dddd@gmail.com',	'1233213213',	'1',	'NULL',	'2',	'NULL',	'2020-11-17 09:01:21',	'0000-00-00 00:00:00',	'NULL'),
(101,	'20201118',	'a@qq.com',	'123123',	'1',	'NULL',	'2',	'NULL',	'2020-11-18 09:35:18',	'0000-00-00 00:00:00',	'NULL'),
(103,	'Vishal Student',	'vstudent@gmail.com',	'test123',	'1',	'NULL',	'2',	'NULL',	'2020-11-18 11:18:06',	'0000-00-00 00:00:00',	'NULL'),
(104,	'Vishal-Student',	'v-student@gmail.com',	'test123',	'1',	'NULL',	'2',	'NULL',	'2020-11-18 11:21:13',	'0000-00-00 00:00:00',	'NULL'),
(107,	'Tesst',	'test@1234.com',	'123',	'1',	'NULL',	'2',	'NULL',	'2020-11-21 12:24:13',	'0000-00-00 00:00:00',	'NULL'),
(109,	'1',	'1@d',	'123123',	'1',	'NULL',	'2',	'NULL',	'2020-11-23 02:23:42',	'0000-00-00 00:00:00',	'NULL'),
(111,	'20201111',	'abc@abc.com',	'4adcca49b3b1e5a08ac202f5d5a9e688',	'3',	NULL,	'2',	NULL,	'0000-00-00 00:00:00',	'2021-04-09 07:05:41',	'144.202.89.206'),
(115,	'vishal-Teacher 2',	'vishal2@gmail.com',	'dff16d2eaba1418a873578187bb189b6',	'2',	'NULL',	'2',	'NULL',	'2020-11-24 13:34:25',	'2021-03-17 05:29:05',	'106.209.160.30'),
(116,	'vishal-Teacher 3',	'vishal_teacher_3@gmail.com',	'e08a7c49d96c2b475656cc8fe18cee8e',	'2',	'NULL',	'2',	'NULL',	'2020-11-24 13:37:35',	'0000-00-00 00:00:00',	'NULL'),
(117,	'test',	'asdsa@gmail.com',	'123456',	'1',	'NULL',	'2',	'NULL',	'2020-11-24 16:05:55',	'0000-00-00 00:00:00',	'NULL'),
(119,	'??1',	'876@gmail.com',	'123456',	'1',	'NULL',	'2',	'NULL',	'2020-11-26 07:49:26',	'0000-00-00 00:00:00',	'NULL'),
(120,	'ceshi',	'4546465@887.com',	'123456',	'1',	'NULL',	'2',	'NULL',	'2020-11-26 07:57:54',	'0000-00-00 00:00:00',	'NULL'),
(124,	'sh1',	'123@qq.com',	'123456',	'1',	'NULL',	'2',	'NULL',	'2020-11-27 06:21:27',	'0000-00-00 00:00:00',	'NULL'),
(127,	'sh4',	'126@qq.com',	'12312312315',	'1',	'NULL',	'2',	'NULL',	'2020-11-27 06:23:05',	'0000-00-00 00:00:00',	'NULL'),
(129,	'sh6',	'128@qq.com',	'12312312317',	'1',	'NULL',	'2',	'NULL',	'2020-11-27 06:23:58',	'0000-00-00 00:00:00',	'NULL'),
(130,	'sh7',	'129@qq.com',	'12312312318',	'1',	'NULL',	'2',	'NULL',	'2020-11-27 06:24:19',	'0000-00-00 00:00:00',	'NULL'),
(133,	'sh10',	'132@qq.com',	'12312312321',	'1',	'NULL',	'2',	'NULL',	'2020-11-27 06:25:28',	'0000-00-00 00:00:00',	'NULL'),
(134,	'sh11',	'133@qq.com',	'12312312322',	'1',	'NULL',	'2',	'NULL',	'2020-11-27 06:25:48',	'0000-00-00 00:00:00',	'NULL'),
(135,	'sh12',	'134@qq.com',	'12312312323',	'1',	'NULL',	'2',	'NULL',	'2020-11-27 06:26:06',	'0000-00-00 00:00:00',	'NULL'),
(136,	'sh13',	'135@qq.com',	'12312312324',	'1',	'NULL',	'2',	'NULL',	'2020-11-27 06:26:27',	'0000-00-00 00:00:00',	'NULL'),
(137,	'sh14',	'136@qq.com',	'12312312325',	'1',	'NULL',	'2',	'NULL',	'2020-11-27 06:26:53',	'0000-00-00 00:00:00',	'NULL'),
(139,	'sh16',	'138@qq.com',	'12312312327',	'1',	'NULL',	'2',	'NULL',	'2020-11-27 06:27:47',	'0000-00-00 00:00:00',	'NULL'),
(140,	'sh17',	'139@qq.com',	'12312312328',	'1',	'NULL',	'2',	'NULL',	'2020-11-27 06:28:07',	'0000-00-00 00:00:00',	'NULL'),
(141,	'sh18',	'140@qq.com',	'12312312329',	'1',	'NULL',	'2',	'NULL',	'2020-11-27 06:28:24',	'0000-00-00 00:00:00',	'NULL'),
(142,	'sh19',	'141@qq.com',	'12312312330',	'1',	'NULL',	'2',	'NULL',	'2020-11-27 06:28:47',	'0000-00-00 00:00:00',	'NULL'),
(143,	'sh20',	'142@qq.com',	'12312312331',	'1',	'NULL',	'2',	'NULL',	'2020-11-27 06:29:04',	'0000-00-00 00:00:00',	'NULL'),
(144,	'sh21',	'143@qq.com',	'12312312332',	'1',	'NULL',	'2',	'NULL',	'2020-11-27 06:29:36',	'0000-00-00 00:00:00',	'NULL'),
(145,	'sh22',	'144@qq.com',	'12312312333',	'1',	'NULL',	'2',	'NULL',	'2020-11-27 06:29:54',	'0000-00-00 00:00:00',	'NULL'),
(146,	'sh23',	'145@qq.com',	'12312312334',	'1',	'NULL',	'2',	'NULL',	'2020-11-27 06:30:13',	'0000-00-00 00:00:00',	'NULL'),
(147,	'sh24',	'146@qq.com',	'12312312335',	'1',	'NULL',	'2',	'NULL',	'2020-11-27 06:30:30',	'0000-00-00 00:00:00',	'NULL'),
(148,	'sh25',	'147@qq.com',	'12312312336',	'1',	'NULL',	'2',	'NULL',	'2020-11-27 06:30:46',	'0000-00-00 00:00:00',	'NULL'),
(149,	'sh26',	'148@qq.com',	'12312312337',	'1',	'NULL',	'2',	'NULL',	'2020-11-27 06:31:07',	'0000-00-00 00:00:00',	'NULL'),
(150,	'sh27',	'149@qq.com',	'12312312338',	'1',	'NULL',	'2',	'NULL',	'2020-11-27 06:31:30',	'0000-00-00 00:00:00',	'NULL'),
(151,	'sh28',	'150@qq.com',	'12312312339',	'1',	'NULL',	'2',	'NULL',	'2020-11-27 06:31:47',	'0000-00-00 00:00:00',	'NULL'),
(152,	'sh29',	'151@qq.com',	'12312312340',	'1',	'NULL',	'2',	'NULL',	'2020-11-27 06:32:10',	'0000-00-00 00:00:00',	'NULL'),
(153,	'sh30',	'152@qq.com',	'12312312341',	'1',	'NULL',	'2',	'NULL',	'2020-11-27 06:32:27',	'0000-00-00 00:00:00',	'NULL'),
(154,	'sh31',	'153@qq.com',	'12312312342',	'1',	'NULL',	'2',	'NULL',	'2020-11-27 06:32:46',	'0000-00-00 00:00:00',	'NULL'),
(155,	'sh32',	'154@qq.com',	'12312312343',	'1',	'NULL',	'2',	'NULL',	'2020-11-27 06:33:05',	'0000-00-00 00:00:00',	'NULL'),
(156,	'sh33',	'155@qq.com',	'12312312344',	'1',	'NULL',	'2',	'NULL',	'2020-11-27 06:33:24',	'0000-00-00 00:00:00',	'NULL'),
(157,	'sh34',	'156@qq.com',	'12312312345',	'1',	'NULL',	'2',	'NULL',	'2020-11-27 06:33:43',	'0000-00-00 00:00:00',	'NULL'),
(158,	'sh35',	'157@qq.com',	'12312312346',	'1',	'NULL',	'2',	'NULL',	'2020-11-27 06:34:02',	'0000-00-00 00:00:00',	'NULL'),
(159,	'sh36',	'158@qq.com',	'12312312347',	'1',	'NULL',	'2',	'NULL',	'2020-11-27 06:34:23',	'0000-00-00 00:00:00',	'NULL'),
(160,	'sh37',	'159@qq.com',	'12312312348',	'1',	'NULL',	'2',	'NULL',	'2020-11-27 06:34:42',	'0000-00-00 00:00:00',	'NULL'),
(161,	'sh38',	'160@qq.com',	'12312312349',	'1',	'NULL',	'2',	'NULL',	'2020-11-27 06:35:02',	'0000-00-00 00:00:00',	'NULL'),
(162,	'sh39',	'161@qq.com',	'12312312350',	'1',	'NULL',	'2',	'NULL',	'2020-11-27 06:35:19',	'0000-00-00 00:00:00',	'NULL'),
(163,	'sh40',	'162@qq.com',	'12312312351',	'1',	'NULL',	'2',	'NULL',	'2020-11-27 06:35:38',	'0000-00-00 00:00:00',	'NULL'),
(164,	'sh41',	'163@qq.com',	'12312312352',	'1',	'NULL',	'2',	'NULL',	'2020-11-27 06:36:03',	'0000-00-00 00:00:00',	'NULL'),
(165,	'sh42',	'164@qq.com',	'12312312353',	'1',	'NULL',	'2',	'NULL',	'2020-11-27 06:36:23',	'0000-00-00 00:00:00',	'NULL'),
(166,	'sh43',	'165@qq.com',	'12312312354',	'1',	'NULL',	'2',	'NULL',	'2020-11-27 06:36:39',	'0000-00-00 00:00:00',	'NULL'),
(167,	'sh44',	'166@qq.com',	'12312312355',	'1',	'NULL',	'2',	'NULL',	'2020-11-27 06:37:00',	'0000-00-00 00:00:00',	'NULL'),
(168,	'sh45',	'167@qq.com',	'12312312356',	'1',	'NULL',	'2',	'NULL',	'2020-11-27 06:37:17',	'0000-00-00 00:00:00',	'NULL'),
(169,	'sh46',	'168@qq.com',	'12312312357',	'1',	'NULL',	'2',	'NULL',	'2020-11-27 06:37:39',	'0000-00-00 00:00:00',	'NULL'),
(170,	'sh47',	'169@qq.com',	'12312312358',	'1',	'NULL',	'2',	'NULL',	'2020-11-27 06:37:56',	'0000-00-00 00:00:00',	'NULL'),
(171,	'sh48',	'170@qq.com',	'12312312359',	'1',	'NULL',	'2',	'NULL',	'2020-11-27 06:38:19',	'0000-00-00 00:00:00',	'NULL'),
(172,	'sh49',	'171@qq.com',	'12312312360',	'1',	'NULL',	'2',	'NULL',	'2020-11-27 06:38:37',	'0000-00-00 00:00:00',	'NULL'),
(173,	'sh50',	'172@qq.com',	'12312312361',	'1',	'NULL',	'2',	'NULL',	'2020-11-27 06:38:55',	'0000-00-00 00:00:00',	'NULL'),
(174,	'sh51',	'173@qq.com',	'12312312362',	'1',	'NULL',	'2',	'NULL',	'2020-11-27 06:39:14',	'0000-00-00 00:00:00',	'NULL'),
(175,	'sh52',	'174@qq.com',	'12312312363',	'1',	'NULL',	'2',	'NULL',	'2020-11-27 06:39:34',	'0000-00-00 00:00:00',	'NULL'),
(176,	'sh53',	'175@qq.com',	'12312312364',	'1',	'NULL',	'2',	'NULL',	'2020-11-27 06:39:57',	'0000-00-00 00:00:00',	'NULL'),
(177,	'sh54',	'176@qq.com',	'12312312365',	'1',	'NULL',	'2',	'NULL',	'2020-11-27 06:40:16',	'0000-00-00 00:00:00',	'NULL'),
(178,	'sh55',	'177@qq.com',	'12312312366',	'1',	'NULL',	'2',	'NULL',	'2020-11-27 06:40:35',	'0000-00-00 00:00:00',	'NULL'),
(185,	'Test_Teacher',	'testteacher@admin.com',	'4297f44b13955235245b2497399d7a93',	'2',	'NULL',	'2',	'NULL',	'2020-12-01 08:13:50',	'0000-00-00 00:00:00',	'NULL'),
(186,	'Test_Teacher1',	'testteacher1@admin.com',	'63ee451939ed580ef3c4b6f0109d1fd0',	'2',	'NULL',	'2',	'NULL',	'2020-12-01 08:31:04',	'0000-00-00 00:00:00',	'NULL'),
(297,	'Username',	'Email',	'Password',	'',	'BraceletID',	'',	'remeber_token',	'0000-00-00 00:00:00',	'0000-00-00 00:00:00',	'Ip_address'),
(410,	'Username',	'Email',	'Password',	'',	'BraceletID',	'',	'remeber_token',	'0000-00-00 00:00:00',	'0000-00-00 00:00:00',	'Ip_address'),
(523,	'TEST',	'TEST@TEST.com',	'e35cf7b66449df565f93c607d5a81d09',	'2',	NULL,	'2',	NULL,	'2020-12-06 06:40:38',	'2021-03-16 14:08:38',	'27.61.162.67'),
(524,	'Student1',	'Student1@Student1.com',	'12345',	'1',	NULL,	'2',	NULL,	'2020-12-06 06:51:28',	'0000-00-00 00:00:00',	NULL),
(525,	'Student2',	'Student2@Student2.com',	'12314',	'1',	NULL,	'2',	NULL,	'2020-12-06 06:52:14',	'0000-00-00 00:00:00',	NULL),
(526,	'Student3',	'Student3@Student3.com',	'12311',	'1',	NULL,	'2',	NULL,	'2020-12-06 06:53:02',	'0000-00-00 00:00:00',	NULL),
(527,	'Student4',	'Student4@Student4',	'123',	'1',	NULL,	'2',	NULL,	'2020-12-06 06:53:54',	'0000-00-00 00:00:00',	NULL),
(530,	'news',	'news@teacher.com',	'123123',	'1',	NULL,	'2',	NULL,	'2020-12-07 07:38:59',	'0000-00-00 00:00:00',	NULL),
(546,	's-192',	'123@dsf.com',	'b59c67bf196a4758191e42f76670ceba',	'2',	NULL,	'2',	NULL,	'2020-12-08 02:46:52',	'0000-00-00 00:00:00',	NULL),
(547,	'194',	'123@dsf.com',	'c4ca4238a0b923820dcc509a6f75849b',	'2',	NULL,	'2',	NULL,	'2020-12-08 02:47:47',	'0000-00-00 00:00:00',	NULL),
(554,	'sitol80956',	'sitol80956@chomagor.com',	'e10adc3949ba59abbe56e057f20f883e',	'2',	NULL,	'2',	NULL,	'0000-00-00 00:00:00',	'2021-01-04 11:52:03',	'103.148.181.127'),
(556,	'test',	'TestNik12@test.com',	'123',	'1',	NULL,	'2',	NULL,	'2021-01-05 08:53:59',	'0000-00-00 00:00:00',	NULL),
(563,	'Test',	'testetst@gmail.com',	'123456',	'1',	NULL,	'2',	NULL,	'2021-01-06 12:47:50',	'0000-00-00 00:00:00',	NULL),
(564,	'Test',	'testetstss@gmail.com',	'123456',	'1',	NULL,	'2',	NULL,	'2021-01-06 12:52:57',	'0000-00-00 00:00:00',	NULL),
(565,	'Tesss',	'testteee@gmail.com',	'1234567',	'1',	NULL,	'2',	NULL,	'2021-01-06 13:32:58',	'0000-00-00 00:00:00',	NULL),
(566,	'123',	'123@123.com',	'123',	'1',	NULL,	'2',	NULL,	'2021-01-06 13:44:09',	'0000-00-00 00:00:00',	NULL),
(567,	'Test',	'rtesttt@gmail.com',	'12345',	'1',	NULL,	'2',	NULL,	'2021-01-06 13:52:20',	'0000-00-00 00:00:00',	NULL),
(568,	'TestNik',	'Student@Student.com',	'123',	'1',	NULL,	'2',	NULL,	'2021-01-06 13:54:44',	'0000-00-00 00:00:00',	NULL),
(569,	'TestNik2',	'Student1@Student19.com',	'123',	'1',	NULL,	'2',	NULL,	'2021-01-06 13:56:13',	'0000-00-00 00:00:00',	NULL),
(571,	'xinjian1',	'150565@qq.com',	'123123123',	'4',	NULL,	'2',	NULL,	'2021-02-04 03:01:07',	'0000-00-00 00:00:00',	NULL),
(575,	'fds',	'sdaaasda@gmail.c.om',	'78948789',	'1',	NULL,	'2',	NULL,	'2021-03-11 09:16:10',	'0000-00-00 00:00:00',	NULL),
(577,	'Test',	'test@gmai.com',	'e10adc3949ba59abbe56e057f20f883e',	'4',	NULL,	'2',	NULL,	'2021-03-13 10:30:30',	'0000-00-00 00:00:00',	NULL),
(578,	'xinjian1',	'150565@qq.com',	'123123123',	'4',	NULL,	'2',	NULL,	'2021-03-18 06:02:46',	'0000-00-00 00:00:00',	NULL),
(579,	'20210318',	'123456@df.com',	'e10adc3949ba59abbe56e057f20f883e',	'2',	NULL,	'2',	NULL,	'2021-03-18 06:06:58',	'0000-00-00 00:00:00',	NULL),
(580,	'20210318',	'876708613@qq.com',	'e10adc3949ba59abbe56e057f20f883e',	'4',	NULL,	'2',	NULL,	'2021-03-18 06:09:48',	'2021-03-22 06:39:27',	'167.179.116.111'),
(581,	'20210318',	'876708613@qq.com',	'e10adc3949ba59abbe56e057f20f883e',	'4',	NULL,	'2',	NULL,	'2021-03-18 06:11:01',	'2021-03-22 06:39:27',	'167.179.116.111'),
(582,	'1',	'123ddfdfs@123.com',	'e10adc3949ba59abbe56e057f20f883e',	'4',	NULL,	'2',	NULL,	'2021-03-18 08:44:36',	'0000-00-00 00:00:00',	NULL),
(583,	'20210318',	'876708613@qq.com',	'820293db7d4efee102f8bdbca239bec0',	'3',	NULL,	'2',	NULL,	'2021-03-18 08:46:55',	'2021-03-22 06:39:27',	'167.179.116.111'),
(584,	'Mount Litera Internation School',	'kapil200887@gmail.com',	'2a489e9be07582d2db6b5da35e794edb',	'3',	NULL,	'2',	NULL,	'2021-03-19 05:06:24',	'2021-03-19 05:17:46',	'115.96.77.106'),
(585,	'TEstte789',	'TEstte789@gmai.com',	'5945e633f0879497bd81cf9ec27c5f73',	'2',	NULL,	'2',	NULL,	'2021-03-19 05:35:07',	'0000-00-00 00:00:00',	NULL),
(586,	'kapiltest',	'kapil200887@gmail.com',	'2a489e9be07582d2db6b5da35e794edb',	'2',	NULL,	'2',	NULL,	'2021-03-19 05:52:27',	'0000-00-00 00:00:00',	NULL),
(587,	'20210319',	'123456@qq.com',	'35de170fc7836ea645e1a7d7b307ff6e',	'3',	NULL,	'2',	NULL,	'2021-03-19 07:48:56',	'2021-03-19 07:49:09',	'144.202.89.206'),
(588,	'1',	'1111111@ddf.com',	'e10adc3949ba59abbe56e057f20f883e',	'2',	NULL,	'2',	NULL,	'2021-03-19 07:50:00',	'0000-00-00 00:00:00',	NULL),
(589,	'20210330',	'20210330@11.com',	'5e0623c1bb90894e47687e9946f38599',	'3',	NULL,	'2',	NULL,	'2021-03-30 04:20:18',	'2021-03-31 06:07:53',	'144.202.89.206'),
(590,	'001',	'1231456@qq.com',	'e10adc3949ba59abbe56e057f20f883e',	'4',	NULL,	'2',	NULL,	'2021-03-30 04:24:49',	'2021-03-30 04:25:04',	'167.179.116.111'),
(591,	'1',	'202103301@11.com',	'e10adc3949ba59abbe56e057f20f883e',	'2',	NULL,	'2',	NULL,	'2021-03-30 04:26:23',	'2021-03-30 04:29:07',	'167.179.116.111'),
(592,	't002',	'202103302@11.com',	'e10adc3949ba59abbe56e057f20f883e',	'4',	NULL,	'2',	NULL,	'2021-03-30 04:28:21',	'2021-03-30 04:30:28',	'167.179.116.111'),
(593,	'02',	'022@22.com',	'74adc561ddea52f4051e80c04baadf28',	'2',	NULL,	'2',	NULL,	'2021-03-30 04:31:13',	'2021-04-01 10:32:16',	'115.96.217.47'),
(594,	'Testse',	'steeetset@gmil.com',	'7c772b242e23d38b92754481a294cf81',	'3',	NULL,	'2',	NULL,	'2021-03-30 19:43:30',	'0000-00-00 00:00:00',	NULL),
(595,	'kapiltest',	'student@kapil.com',	'1f12c0da84c55c1b2bf0114d205e3060',	'3',	NULL,	'2',	NULL,	'2021-03-31 04:43:11',	'0000-00-00 00:00:00',	NULL),
(596,	'002',	'002@002.com',	'd17e5924037f3868eb631254a8ca30d4',	'4',	NULL,	'2',	NULL,	'2021-03-31 06:32:36',	'2021-04-01 10:18:49',	'144.202.89.206');

DROP TABLE IF EXISTS `parent`;
CREATE TABLE `parent` (
  `P_ID` int(11) NOT NULL AUTO_INCREMENT,
  `P_Name` varchar(100) NOT NULL,
  `P_Email` varchar(150) NOT NULL,
  `P_Phone` varchar(15) DEFAULT NULL,
  `P_BraceletID` varchar(250) NOT NULL,
  `P_image` varchar(255) DEFAULT NULL,
  `P_Created_date` datetime NOT NULL,
  PRIMARY KEY (`P_ID`)
) ENGINE=InnoDB DEFAULT CHARSET=latin1;

INSERT INTO `parent` (`P_ID`, `P_Name`, `P_Email`, `P_Phone`, `P_BraceletID`, `P_image`, `P_Created_date`) VALUES
(2,	'Testttttsd1',	'ttsatdeasds@gmali.com',	'',	'',	NULL,	'2019-11-11 07:19:54'),
(3,	'findlay',	'findlay.fynnigan@iiron.us',	NULL,	'',	NULL,	'2019-11-11 08:19:01'),
(4,	'aerion',	'aerion.rigley@iiron.us',	NULL,	'',	NULL,	'2019-11-11 08:19:14'),
(5,	'Ives',	'ives.dairon@iiron.us',	NULL,	'',	NULL,	'2019-11-11 08:19:29'),
(6,	'payej',	'payejow640@reqaxv.com',	NULL,	'',	NULL,	'2020-05-08 12:50:00'),
(17,	'pritesh',	'priteshhirpara17@gmail.com',	'9638868428',	'c6c3d9fda097',	NULL,	'2020-10-24 10:19:02'),
(18,	'pritesh',	'admin1@admin.com',	'9638868428',	'',	NULL,	'2020-10-24 13:51:20'),
(19,	'pritesh',	'ad@ad.com',	'1231233123',	'',	NULL,	'2020-10-24 15:36:04'),
(20,	'bracelet',	'bracelet@gmail.com',	'9874549798',	'c6c3d9fda097',	'1606041390_person-icon-260nw-282598823_(1).jpg',	'0000-00-00 00:00:00'),
(21,	'1',	'150565@qq.com',	'1599588854',	'',	NULL,	'2021-03-18 06:02:46'),
(22,	'20210318',	'1595688@ddfd.com',	'1234567891',	'',	NULL,	'2021-03-18 06:11:01');

DROP TABLE IF EXISTS `school`;
CREATE TABLE `school` (
  `Sc_ID` int(11) NOT NULL AUTO_INCREMENT,
  `Sc_Name` varchar(255) NOT NULL,
  `Sc_Email` varchar(255) DEFAULT NULL,
  `Sc_Phone` varchar(250) DEFAULT NULL,
  `Sc_Image` varchar(255) DEFAULT NULL,
  `Created_date` datetime NOT NULL,
  PRIMARY KEY (`Sc_ID`)
) ENGINE=InnoDB DEFAULT CHARSET=latin1;

INSERT INTO `school` (`Sc_ID`, `Sc_Name`, `Sc_Email`, `Sc_Phone`, `Sc_Image`, `Created_date`) VALUES
(1,	'Bhagwati School',	NULL,	NULL,	NULL,	'2019-11-06 10:10:07'),
(2,	'St.Mary School',	NULL,	NULL,	NULL,	'2019-11-06 00:00:00'),
(3,	'Best High School',	NULL,	NULL,	NULL,	'2019-11-06 10:09:41'),
(4,	'Kameshwar Education Campus',	NULL,	NULL,	NULL,	'2019-11-06 10:09:56'),
(5,	'St. Anns School',	NULL,	NULL,	NULL,	'2019-11-06 10:10:06'),
(15,	'sahjanand',	's@gmail.com',	'1231231230',	NULL,	'2020-10-24 14:27:02'),
(20,	'Test',	'abc@abc.com',	'12345678910',	'1606243001_demo.jpg',	'2020-10-26 13:18:35'),
(22,	'20210318',	'876708613@qq.com',	'1234567891',	NULL,	'2021-03-18 08:46:55'),
(23,	'Mount Litera Internation School',	'kapil200887@gmail.com',	'8879364962',	NULL,	'2021-03-19 05:06:24'),
(24,	'20210319',	'123456@qq.com',	'1234567890',	NULL,	'2021-03-19 07:48:56'),
(25,	'20210330',	'20210330@11.com',	'1234567891',	NULL,	'2021-03-30 04:20:18');

DROP TABLE IF EXISTS `student`;
CREATE TABLE `student` (
  `S_ID` int(11) NOT NULL AUTO_INCREMENT,
  `S_P_ID` int(11) NOT NULL,
  `S_Name` varchar(100) NOT NULL,
  `S_Email` varchar(150) NOT NULL,
  `S_Phone` varchar(250) DEFAULT NULL,
  `S_BraceletID` varchar(250) DEFAULT NULL,
  `S_Surname` varchar(100) NOT NULL,
  `S_Username` varchar(100) NOT NULL,
  `S_Device_ID` varchar(255) NOT NULL,
  `S_School` varchar(100) NOT NULL,
  `S_Class` varchar(100) NOT NULL,
  `S_HeightFeet` varchar(250) DEFAULT NULL,
  `S_HeightInch` varchar(250) DEFAULT NULL,
  `S_Weight` varchar(250) DEFAULT NULL,
  `S_BMI` varchar(250) DEFAULT NULL,
  `S_Dob` varchar(250) DEFAULT NULL,
  `S_Gender` varchar(250) DEFAULT NULL,
  `S_Image` varchar(255) DEFAULT NULL,
  `Student_ID` varchar(255) DEFAULT NULL,
  `Created_date` datetime NOT NULL,
  PRIMARY KEY (`S_ID`)
) ENGINE=InnoDB DEFAULT CHARSET=latin1;

INSERT INTO `student` (`S_ID`, `S_P_ID`, `S_Name`, `S_Email`, `S_Phone`, `S_BraceletID`, `S_Surname`, `S_Username`, `S_Device_ID`, `S_School`, `S_Class`, `S_HeightFeet`, `S_HeightInch`, `S_Weight`, `S_BMI`, `S_Dob`, `S_Gender`, `S_Image`, `Student_ID`, `Created_date`) VALUES
(6,	0,	'Gautam',	'gautam@gmail.com',	'NULL',	'c6c3d9fda097',	'Patel',	'Gautam',	'101',	'20',	'102',	'NULL',	'NULL',	'NULL',	'NULL',	'NULL',	'NULL',	'NULL',	NULL,	'2019-11-06 12:02:56'),
(7,	1,	'Gautam',	'gautam911@gmail.com',	'NULL',	'ebcdba4bc1b7',	'Barvaliya',	'Gautam',	'105',	'20',	'105',	'NULL',	'NULL',	'NULL',	'NULL',	'NULL',	'NULL',	'NULL',	NULL,	'2019-11-11 08:00:53'),
(8,	2,	'Test123',	'sdfsfs@gmail.com',	'1231231231',	'fdc2bd40e9d1',	'resr',	'Test',	'1015',	'20',	'105',	'3',	'7',	'30',	'25',	'01/01/2000',	'Male',	'NULL',	NULL,	'2019-11-11 08:02:17'),
(9,	3,	'Manan',	'manan.tanish@iiron.us',	'NULL',	'fdc2bd40e9d1',	'Tanish',	'Manan',	'10',	'5',	'1',	'NULL',	'NULL',	'NULL',	'NULL',	'NULL',	'NULL',	'NULL',	NULL,	'2019-11-11 08:20:12'),
(10,	6,	'sasovad730',	'sasovad730@zaelmo.com',	'NULL',	'c6c3d9fda093',	'sasovad730',	'sasovad730',	'123',	'20',	'102',	'NULL',	'NULL',	'NULL',	'NULL',	'NULL',	'NULL',	'NULL',	NULL,	'2020-05-08 12:51:01'),
(11,	0,	'Kylee',	'kyle123@email.com',	'98756123540',	'fdc2bd40e9d1',	'',	'',	'',	'20',	'97',	'3',	'5',	'22',	'20',	'01/01/2016',	'Male',	'',	NULL,	'2020-11-01 10:10:23'),
(17,	0,	'Test111',	'bracelet@gmail.com',	'12345678912',	'c6c3d9fda098',	'',	'',	'',	'20',	'98',	'3',	'3',	'32',	'32',	'09/24/2015',	'aaa',	NULL,	NULL,	'2020-11-10 07:45:38'),
(19,	0,	'1',	'dddd@gmai',	'1233213213',	'1',	'',	'',	'',	'20',	'100',	'NULL',	'NULL',	'1111111111',	NULL,	'11/26/2020',	'1',	'NULL',	NULL,	'2020-11-17 08:59:45'),
(20,	0,	'20201111',	'dddd@gmail.com',	'1233213213',	'1',	'',	'',	'',	'20',	'101',	'3',	'NULL',	NULL,	NULL,	'11/18/2020',	'1',	'NULL',	NULL,	'2020-11-17 09:01:21'),
(21,	0,	'20201118',	'a@qq.com',	'12345678999',	'e0e637a3401e',	'',	'',	'',	'20',	'99',	'1',	'1',	NULL,	'0',	'11/10/2020',	'1',	'1606200490_04025b33c513d06d3406e8dad69ead1d_jpg_faoi1ev_partial.jpg',	NULL,	'2020-11-18 09:35:18'),
(22,	0,	'Vishal Student',	'vstudent@gmail.com',	'9876543210',	'v-17081987',	'Test',	'Vishal Student',	'',	'20',	'80',	'5',	'2',	'70',	'28',	'11/01/2020',	'M',	'NULL',	NULL,	'2020-11-18 11:18:06'),
(23,	0,	'Vishal-Student',	'v-student@gmail.com',	'8765432190',	'vish-1708',	'',	'',	'',	'20',	'81',	'5',	'6',	'70',	'24',	'11/13/1922',	'F',	'NULL',	NULL,	'2020-11-18 11:21:13'),
(25,	0,	'Tesst',	'test@1234.com',	'80000000000',	'Test',	'',	'',	'',	'20',	'2',	'6',	'7',	'34',	'8',	'09/04/2003',	'male',	'NULL',	NULL,	'2020-11-21 12:24:13'),
(26,	0,	'1',	'1@d',	'11111111111',	'1',	'',	'',	'',	'20',	'97',	'NULL',	'NULL',	NULL,	NULL,	'11/26/2020',	'1',	'NULL',	NULL,	'2020-11-23 02:23:42'),
(28,	0,	'test',	'asdsa@gmail.com',	'78945612308',	'qwe',	'',	'',	'',	'20',	'79',	'6',	'8',	'50',	'12',	'11/23/2020',	'Male',	'NULL',	NULL,	'2020-11-24 16:05:55'),
(30,	0,	'??1',	'876@gmail.com',	'12345678911',	'123',	'',	'',	'',	'20',	'98',	'1',	'1',	NULL,	NULL,	'11/24/2020',	'45',	'1606377027_kda.jpg',	NULL,	'2020-11-26 07:49:26'),
(31,	0,	'ceshi',	'4546465@887.com',	'12345678978',	'21',	'',	'',	'',	'20',	'102',	'NULL',	'NULL',	NULL,	NULL,	'11/18/2020',	'123',	'NULL',	NULL,	'2020-11-26 07:57:54'),
(33,	0,	'sh1',	'123@qq.com',	'12312312312',	'PT01000001',	'',	'',	'',	'20',	'99',	'NULL',	'NULL',	NULL,	NULL,	'11/20/2020',	'123',	'NULL',	NULL,	'2020-11-27 06:21:27'),
(34,	0,	'sh2',	'124@qq.com',	'12345678912',	'e1264690514e',	'',	'',	'',	'20',	'93',	'1',	'1',	'1',	'1',	'12/03/2020',	'1',	NULL,	NULL,	'2020-11-27 06:21:54'),
(35,	0,	'sh3',	'125@qq.com',	'12312312314',	'PT01000003',	'',	'',	'',	'20',	'104',	'NULL',	'NULL',	NULL,	NULL,	'11/23/2020',	'123',	'NULL',	NULL,	'2020-11-27 06:22:38'),
(36,	0,	'sh4',	'126@qq.com',	'12312312315',	'f72153812990',	'',	'',	'',	'20',	'93',	'1',	'1',	'1',	'1',	'11/25/2020',	'12312312315',	NULL,	NULL,	'2020-11-27 06:23:05'),
(38,	0,	'sh6',	'128@qq.com',	'12312312317',	'c3755adc62e6',	'',	'',	'',	'20',	'93',	'1',	'1',	'1',	'1',	'11/26/2020',	'12312312317',	NULL,	NULL,	'2020-11-27 06:23:58'),
(39,	0,	'sh7',	'129@qq.com',	'12312312318',	'c2d9ddadc573',	'',	'',	'',	'20',	'93',	'1',	'1',	'1',	'1',	'11/24/2020',	'12312312318',	NULL,	NULL,	'2020-11-27 06:24:19'),
(42,	0,	'sh10',	'132@qq.com',	'12312312321',	'fe9f2fbbe12a',	'',	'',	'',	'20',	'93',	'1',	'1',	'1',	'1',	'11/25/2020',	'12312312321',	NULL,	NULL,	'2020-11-27 06:25:28'),
(43,	0,	'sh11',	'133@qq.com',	'12312312322',	'e251a04ddeac',	'',	'',	'',	'20',	'93',	'1',	'1',	'1',	'1',	'11/24/2020',	'12312312322',	NULL,	NULL,	'2020-11-27 06:25:48'),
(44,	0,	'sh12',	'134@qq.com',	'12312312323',	'f7c86c42b3a9',	'',	'',	'',	'20',	'93',	'1',	'1',	'1',	'1',	'11/23/2020',	'12312312323',	NULL,	NULL,	'2020-11-27 06:26:06'),
(45,	0,	'sh13',	'135@qq.com',	'12312312324',	'e1df4d7e406b',	'',	'',	'',	'20',	'93',	'1',	'1',	'1',	'1',	'11/24/2020',	'12312312324',	NULL,	NULL,	'2020-11-27 06:26:27'),
(46,	0,	'sh14',	'136@qq.com',	'12312312325',	'caaf4aecc283',	'',	'',	'',	'20',	'93',	'1',	'1',	'1',	'1',	'11/24/2020',	'12312312325',	NULL,	NULL,	'2020-11-27 06:26:53'),
(48,	0,	'sh16',	'138@qq.com',	'12312312327',	'caec7ad75a6b',	'',	'',	'',	'20',	'93',	'1',	'1',	'1',	'1',	'11/24/2020',	'12312312327',	NULL,	NULL,	'2020-11-27 06:27:47'),
(49,	0,	'sh17',	'139@qq.com',	'12312312328',	'ea14cb03a3c8',	'',	'',	'',	'20',	'93',	'1',	'1',	'1',	'1',	'11/24/2020',	'12312312328',	NULL,	NULL,	'2020-11-27 06:28:07'),
(50,	0,	'sh18',	'140@qq.com',	'12312312329',	'e4c23c36c7d1',	'',	'',	'',	'20',	'93',	'1',	'1',	'1',	'1',	'11/25/2020',	'12312312329',	NULL,	NULL,	'2020-11-27 06:28:24'),
(51,	0,	'sh19',	'141@qq.com',	'12312312330',	'f993a78ce8bf',	'',	'',	'',	'20',	'93',	'1',	'1',	'1',	'1',	'11/25/2020',	'12312312330',	NULL,	NULL,	'2020-11-27 06:28:47'),
(52,	0,	'sh20',	'142@qq.com',	'12312312331',	'd14a9eb19707',	'',	'',	'',	'20',	'93',	'1',	'1',	'1',	'1',	'11/25/2020',	'12312312331',	NULL,	NULL,	'2020-11-27 06:29:04'),
(53,	0,	'sh21',	'143@qq.com',	'12312312332',	'ca1a794d59a4',	'',	'',	'',	'20',	'93',	'1',	'1',	'1',	'1',	'11/24/2020',	'12312312332',	NULL,	NULL,	'2020-11-27 06:29:36'),
(54,	0,	'sh22',	'144@qq.com',	'12312312333',	'fbf067df83aa',	'',	'',	'',	'20',	'93',	'1',	'1',	'1',	'1',	'11/25/2020',	'12312312333',	NULL,	NULL,	'2020-11-27 06:29:54'),
(55,	0,	'sh23',	'145@qq.com',	'12312312334',	'c496f373ee7f',	'',	'',	'',	'20',	'93',	'1',	'1',	'1',	'1',	'11/25/2020',	'12312312334',	NULL,	NULL,	'2020-11-27 06:30:13'),
(56,	0,	'sh24',	'146@qq.com',	'12312312335',	'c2cd47b495e9',	'',	'',	'',	'20',	'93',	'1',	'1',	'1',	'1',	'11/24/2020',	'12312312335',	NULL,	NULL,	'2020-11-27 06:30:30'),
(57,	0,	'sh25',	'147@qq.com',	'12312312336',	'cd117e77122f',	'',	'',	'',	'20',	'93',	'1',	'1',	'1',	'1',	'11/24/2020',	'12312312336',	NULL,	NULL,	'2020-11-27 06:30:46'),
(58,	0,	'sh26',	'148@qq.com',	'12312312337',	'ea163f357acb',	'',	'',	'',	'20',	'93',	'1',	'1',	'1',	'1',	'11/24/2020',	'12312312337',	NULL,	NULL,	'2020-11-27 06:31:07'),
(59,	0,	'sh27',	'149@qq.com',	'12312312338',	'f310ca8e165c',	'',	'',	'',	'20',	'93',	'1',	'1',	'1',	'1',	'11/24/2020',	'12312312338',	NULL,	NULL,	'2020-11-27 06:31:30'),
(60,	0,	'sh28',	'150@qq.com',	'12312312339',	'f9715526948b',	'',	'',	'',	'20',	'93',	'1',	'1',	'1',	'1',	'11/24/2020',	'12312312339',	NULL,	NULL,	'2020-11-27 06:31:47'),
(61,	0,	'sh29',	'151@qq.com',	'12312312340',	'e4c5ea21f229',	'',	'',	'',	'20',	'93',	'1',	'1',	'1',	'1',	'11/24/2020',	'12312312340',	NULL,	NULL,	'2020-11-27 06:32:10'),
(62,	0,	'sh30',	'152@qq.com',	'12312312341',	'fe7e03d8ed3b',	'',	'',	'',	'20',	'93',	'1',	'1',	'1',	'1',	'11/24/2020',	'12312312341',	NULL,	NULL,	'2020-11-27 06:32:27'),
(63,	0,	'sh31',	'153@qq.com',	'12312312342',	'd688325598e7',	'',	'',	'',	'20',	'93',	'1',	'1',	'1',	'1',	'11/24/2020',	'12312312342',	NULL,	NULL,	'2020-11-27 06:32:46'),
(64,	0,	'sh32',	'154@qq.com',	'12312312343',	'd34607e91f42',	'',	'',	'',	'20',	'93',	'1',	'1',	'1',	'1',	'11/24/2020',	'12312312343',	NULL,	NULL,	'2020-11-27 06:33:05'),
(65,	0,	'sh33',	'155@qq.com',	'12312312344',	'd1380912965d',	'',	'',	'',	'20',	'93',	'1',	'1',	'1',	'1',	'11/24/2020',	'12312312344',	NULL,	NULL,	'2020-11-27 06:33:24'),
(66,	0,	'sh34',	'156@qq.com',	'12312312345',	'c178ba125339',	'',	'',	'',	'20',	'93',	'1',	'1',	'1',	'1',	'11/24/2020',	'12312312345',	NULL,	NULL,	'2020-11-27 06:33:43'),
(67,	0,	'sh35',	'157@qq.com',	'12312312346',	'e7d146cc17d0',	'',	'',	'',	'20',	'93',	'1',	'1',	'1',	'1',	'11/24/2020',	'12312312346',	NULL,	NULL,	'2020-11-27 06:34:02'),
(68,	0,	'sh36',	'158@qq.com',	'12312312347',	'efc9b605ebcd',	'',	'',	'',	'20',	'93',	'1',	'1',	'1',	'1',	'11/24/2020',	'12312312347',	NULL,	NULL,	'2020-11-27 06:34:23'),
(69,	0,	'sh37',	'159@qq.com',	'12312312348',	'e9479f0318f6',	'',	'',	'',	'20',	'93',	'1',	'1',	'1',	'1',	'11/24/2020',	'12312312348',	NULL,	NULL,	'2020-11-27 06:34:42'),
(70,	0,	'sh38',	'160@qq.com',	'12312312349',	'e9f8e76a832f',	'',	'',	'',	'20',	'93',	'1',	'1',	'1',	'1',	'11/24/2020',	'12312312349',	NULL,	NULL,	'2020-11-27 06:35:02'),
(71,	0,	'sh39',	'161@qq.com',	'12312312350',	'dfbff5ef6e05',	'',	'',	'',	'20',	'93',	'1',	'1',	'1',	'1',	'11/24/2020',	'12312312350',	NULL,	NULL,	'2020-11-27 06:35:19'),
(72,	0,	'sh40',	'162@qq.com',	'12312312351',	'c94a514e3352',	'',	'',	'',	'20',	'93',	'1',	'1',	'1',	'1',	'11/17/2020',	'12312312351',	NULL,	NULL,	'2020-11-27 06:35:38'),
(73,	0,	'sh41',	'163@qq.com',	'12312312352',	'e1849e266f29',	'',	'',	'',	'20',	'93',	'1',	'1',	'1',	'1',	'11/10/2020',	'12312312352',	NULL,	NULL,	'2020-11-27 06:36:03'),
(74,	0,	'sh42',	'164@qq.com',	'12312312353',	'd64062158678',	'',	'',	'',	'20',	'93',	'1',	'1',	'1',	'1',	'11/24/2020',	'12312312353',	NULL,	NULL,	'2020-11-27 06:36:23'),
(75,	0,	'sh43',	'165@qq.com',	'12312312354',	'd8a7ce070f31',	'',	'',	'',	'20',	'93',	'1',	'1',	'1',	'1',	'11/23/2020',	'12312312354',	NULL,	NULL,	'2020-11-27 06:36:39'),
(76,	0,	'sh44',	'166@qq.com',	'12312312355',	'eb2252bb3128',	'',	'',	'',	'20',	'93',	'1',	'1',	'1',	'1',	'11/24/2020',	'12312312355',	NULL,	NULL,	'2020-11-27 06:37:00'),
(77,	0,	'sh45',	'167@qq.com',	'12312312356',	'ef9180e14899',	'',	'',	'',	'20',	'93',	'1',	'1',	'1',	'1',	'11/24/2020',	'12312312356',	NULL,	NULL,	'2020-11-27 06:37:17'),
(78,	0,	'sh46',	'168@qq.com',	'12312312357',	'ef768632fe44',	'',	'',	'',	'20',	'93',	'1',	'1',	'1',	'1',	'11/24/2020',	'12312312357',	NULL,	NULL,	'2020-11-27 06:37:39'),
(79,	0,	'sh47',	'169@qq.com',	'12312312358',	'e7c4e9121baa',	'',	'',	'',	'20',	'93',	'1',	'1',	'1',	'1',	'11/24/2020',	'12312312358',	NULL,	NULL,	'2020-11-27 06:37:56'),
(80,	0,	'sh48',	'170@qq.com',	'12312312359',	'd92e8877edc0',	'',	'',	'',	'20',	'93',	'1',	'1',	'1',	'1',	'11/24/2020',	'12312312359',	NULL,	NULL,	'2020-11-27 06:38:19'),
(81,	0,	'sh49',	'171@qq.com',	'12312312360',	'dcb0edcdcd63',	'',	'',	'',	'20',	'93',	'1',	'1',	'1',	'1',	'11/23/2020',	'12312312360',	NULL,	NULL,	'2020-11-27 06:38:37'),
(82,	0,	'sh50',	'172@qq.com',	'12312312361',	'da857a06f0f0',	'',	'',	'',	'20',	'93',	'1',	'1',	'1',	'1',	'11/24/2020',	'12312312361',	NULL,	NULL,	'2020-11-27 06:38:55'),
(83,	0,	'sh51',	'173@qq.com',	'12312312362',	'e26475892d57',	'',	'',	'',	'20',	'93',	'1',	'1',	'1',	'1',	'11/25/2020',	'12312312362',	NULL,	NULL,	'2020-11-27 06:39:14'),
(84,	0,	'sh52',	'174@qq.com',	'12312312363',	'c42fca4ea48e',	'',	'',	'',	'20',	'93',	'1',	'1',	'1',	'1',	'11/24/2020',	'12312312363',	NULL,	NULL,	'2020-11-27 06:39:34'),
(85,	0,	'sh53',	'175@qq.com',	'12312312364',	'fb361b989d3e',	'',	'',	'',	'20',	'93',	'1',	'1',	'1',	'1',	'11/23/2020',	'12312312364',	NULL,	NULL,	'2020-11-27 06:39:57'),
(86,	0,	'sh54',	'176@qq.com',	'12312312365',	'cf351dd2bb37',	'',	'',	'',	'20',	'93',	'1',	'1',	'1',	'1',	'11/24/2020',	'12312312365',	NULL,	NULL,	'2020-11-27 06:40:16'),
(87,	0,	'sh55',	'177@qq.com',	'12312312366',	'e37391dcc289',	'',	'',	'',	'20',	'93',	'1',	'1',	'1',	'1',	'11/23/2020',	'12312312366',	NULL,	NULL,	'2020-11-27 06:40:35'),
(94,	0,	'S_Name',	'S_Email',	'S_Phone',	'S_BraceletID',	'S_Surname',	'S_Username',	'S_Device_ID',	'S_School',	'S_Class',	'S_HeightFeet',	'S_HeightInch',	'S_Weight',	'S_BMI',	'S_Dob',	'S_Gender',	'S_Image',	NULL,	'0000-00-00 00:00:00'),
(175,	0,	'Student1',	'Student1@Student1.com',	'80808080801',	'Student1',	'',	'',	'',	'20',	'208',	'5',	'6',	'45',	'55',	'12/02/2020',	'Male',	NULL,	NULL,	'2020-12-06 06:51:28'),
(176,	0,	'Student2',	'Student2@Student2.com',	'80808080801',	'Student2',	'',	'',	'',	'20',	'208',	'6',	'6',	'55',	'32',	'12/02/2020',	'Male',	NULL,	NULL,	'2020-12-06 06:52:14'),
(177,	0,	'Student3',	'Student3@Student3.com',	'80808080802',	'Student3',	'',	'',	'',	'20',	'208',	'6',	'6',	'77',	'55',	'12/02/2020',	'Female',	NULL,	NULL,	'2020-12-06 06:53:02'),
(178,	0,	'Student4',	'Student4@Student4',	'80808080804',	'Student4',	'',	'',	'',	'20',	'208',	'5',	'2',	'66',	'55',	'12/01/2020',	'Female',	NULL,	NULL,	'2020-12-06 06:53:54'),
(180,	0,	'news',	'news@teacher.com',	'12312312310',	'asdcasd',	'',	'',	'',	'20',	'209',	'5',	'5',	'65',	'34',	'12/01/2019',	'Male',	NULL,	' PAT-S-280',	'2020-12-07 07:38:59'),
(185,	0,	'sh3',	'abc@abc.com',	'12345678912',	'ef6a215721a3',	'',	'',	'',	'20',	'93',	'1',	'1',	'1',	'1',	'12/03/2020',	'1',	NULL,	' PAT-S-285',	'2020-12-08 02:27:28'),
(200,	0,	'123',	'123@123.com',	'12345678912',	'c6c3d9fda097',	'',	'',	'',	'20',	'207',	'1',	'1',	'1',	'1',	'12/09/2020',	'1',	NULL,	' PAT-S-300',	'2020-12-15 08:44:24'),
(203,	0,	'test',	'TestNik12@test.com',	'80808080800',	'cfbd61fcc279',	'',	'',	'',	'20',	'207',	'4',	'5',	'14',	'29',	'01/04/2021',	'Male',	NULL,	' PAT-S-303',	'2021-01-05 08:55:00'),
(204,	0,	'test1',	'TestNik@test.com',	'80808080801',	'qwr2',	'',	'',	'',	'20',	'207',	'5',	'4',	'14',	'32',	'01/04/2021',	'Male',	NULL,	' PAT-S-304',	'2021-01-06 05:40:01'),
(205,	0,	'1234',	'TestNik1@test.com',	'80808080807',	'qwr4',	'',	'',	'',	'20',	'207',	'3',	'4',	'44',	'32',	'01/03/2021',	'Male',	NULL,	' PAT-S-305',	'2021-01-06 05:40:43'),
(206,	0,	'Test123',	'test12@gmail.com',	'12345678901',	'test1',	'',	'',	'',	'20',	'92',	'4',	'5',	'12',	'24',	'01/04/2021',	'Male',	NULL,	' PAT-S-306',	'2021-01-06 07:25:55'),
(209,	0,	'Test',	'testetst@gmail.com',	'12345678902',	'testwa',	'',	'',	'',	'20',	'103',	'3',	'4',	'12',	'2',	'01/05/2021',	'Male',	NULL,	' PAT-S-309',	'2021-01-06 12:47:50'),
(210,	0,	'Test',	'testetstss@gmail.com',	'12345678901',	'testqq',	'',	'',	'',	'20',	'103',	'4',	'5',	'12',	'12',	'01/05/2021',	'Male',	NULL,	' PAT-S-310',	'2021-01-06 12:52:57'),
(211,	0,	'Tesss',	'testteee@gmail.com',	'12345678909',	'34ee',	'',	'',	'',	'20',	'104',	'4',	'5',	'12',	'21',	'01/05/2021',	'Male',	NULL,	' PAT-S-311',	'2021-01-06 13:32:58'),
(213,	0,	'Test',	'rtesttt@gmail.com',	'12345678909',	'testet12',	'',	'',	'',	'20',	'96',	'3',	'5',	'12',	'23',	'01/05/2021',	'male',	NULL,	' PAT-S-312',	'2021-01-06 13:52:20'),
(214,	0,	'TestNik',	'Student@Student.com',	'80808080801',	'qwr22',	'',	'',	'',	'20',	'208',	'6',	'5',	'14',	'55',	'01/03/2021',	'Male',	NULL,	' PAT-S-314',	'2021-01-06 13:54:44'),
(215,	0,	'TestNik2',	'Student1@Student19.com',	'80808080802',	'qwr2',	'',	'',	'',	'20',	'208',	'6',	'6',	'14',	'32',	'01/03/2021',	'Male',	NULL,	' PAT-S-315',	'2021-01-06 13:56:13'),
(216,	0,	'xinjian1',	'150565@qq.com',	'12321321111',	'cfbd61fcc279',	'',	'',	'',	'20',	'210',	'1',	'1',	'121323',	'212321312332',	'02/03/2021',	'1231231',	'',	' PAT-S-316',	'2021-02-04 03:01:07'),
(219,	0,	'fds',	'sdaaasda@gmail.c.om',	'12345678989',	'asdas',	'',	'',	'',	'20',	'218',	'3',	'3',	'54',	'84',	'03/01/2021',	'Male',	NULL,	' PAT-S-319',	'2021-03-11 09:16:10'),
(221,	2,	'Test',	'test@gmai.com',	'98745154621',	'test23',	'1',	'Test',	'',	'20',	'218',	'3',	'2',	'15',	'12',	'03/07/2021',	'Male',	NULL,	' PAT-S-320',	'2021-03-13 10:30:30'),
(222,	4,	'20210318',	'876708613@qq.com',	'12345678912',	'cfbd61fcc279',	'1',	'20210318',	'',	'20',	'219',	'1',	'1',	'1',	'1',	'03/17/2021',	'1',	'1616056018_450_603_2.png',	' PAT-S-322',	'2021-03-18 06:09:48'),
(223,	3,	'1',	'123ddfdfs@123.com',	'12345678912',	'15666545',	'Test',	'1',	'',	'20',	'210',	NULL,	NULL,	'1',	'1',	'03/10/2021',	'123456',	NULL,	' PAT-S-323',	'2021-03-18 08:44:36'),
(224,	0,	'001',	'1231456@qq.com',	'12345678912',	'123456',	'',	'',	'',	'25',	'222',	NULL,	NULL,	'1',	'1',	'03/10/2021',	'123',	NULL,	' PAT-S-324',	'2021-03-30 04:24:49'),
(225,	21,	't002',	'202103302@11.com',	'12345678912',	'156116',	'1',	't002',	'',	'25',	'222',	NULL,	NULL,	'1',	'1',	'03/16/2021',	'1',	NULL,	' PAT-S-325',	'2021-03-30 04:28:21'),
(226,	2,	'Testse',	'steeetset@gmil.com',	NULL,	'ad',	'tetste',	'Testse',	'',	'3',	'6',	NULL,	NULL,	NULL,	NULL,	NULL,	NULL,	NULL,	NULL,	'2021-03-30 19:43:30'),
(227,	20,	'kapiltest',	'student@kapil.com',	NULL,	'12345687654',	'student',	'kapiltest',	'',	'23',	'224',	NULL,	NULL,	NULL,	NULL,	NULL,	NULL,	NULL,	NULL,	'2021-03-31 04:43:11'),
(228,	22,	'002',	'002@002.com',	NULL,	'123456',	'002',	'002',	'',	'25',	'223',	NULL,	NULL,	NULL,	NULL,	NULL,	NULL,	NULL,	NULL,	'2021-03-31 06:32:36');

DROP TABLE IF EXISTS `support`;
CREATE TABLE `support` (
  `id` int(11) NOT NULL AUTO_INCREMENT,
  `Name` varchar(255) NOT NULL,
  `email_address` varchar(255) NOT NULL,
  `phone` varchar(11) DEFAULT NULL,
  `message` text NOT NULL,
  PRIMARY KEY (`id`)
) ENGINE=MyISAM DEFAULT CHARSET=latin1;

INSERT INTO `support` (`id`, `Name`, `email_address`, `phone`, `message`) VALUES
(4,	'testat',	'eastet@gmail.com',	'',	'adasdad'),
(5,	'asdas',	'asdsa@gmail.com',	'78945678944',	'asdad'),
(6,	'Test',	'TestNik@test.com',	'80808080808',	'Test');

DROP TABLE IF EXISTS `teacher`;
CREATE TABLE `teacher` (
  `T_ID` int(11) NOT NULL AUTO_INCREMENT,
  `T_Username` varchar(100) NOT NULL,
  `T_UserId` varchar(250) DEFAULT NULL,
  `T_Dob` varchar(250) DEFAULT NULL,
  `T_Email` varchar(150) NOT NULL,
  `T_Phone` varchar(255) NOT NULL,
  `T_Class` varchar(255) NOT NULL,
  `T_School` varchar(150) NOT NULL,
  `T_Image` varchar(255) DEFAULT NULL,
  `T_HeightFeet` varchar(250) DEFAULT NULL,
  `T_HeightInch` varchar(250) DEFAULT NULL,
  `T_Weight` varchar(250) DEFAULT NULL,
  `T_BMI` varchar(250) DEFAULT NULL,
  `Teacher_ID` varchar(250) DEFAULT NULL,
  `T_Created_date` datetime NOT NULL,
  PRIMARY KEY (`T_ID`)
) ENGINE=InnoDB DEFAULT CHARSET=latin1;

INSERT INTO `teacher` (`T_ID`, `T_Username`, `T_UserId`, `T_Dob`, `T_Email`, `T_Phone`, `T_Class`, `T_School`, `T_Image`, `T_HeightFeet`, `T_HeightInch`, `T_Weight`, `T_BMI`, `Teacher_ID`, `T_Created_date`) VALUES
(14,	'New_Teacher1',	'newteacher1',	'11/16/1998',	'new@teacher1.com',	'96388684280',	'{\"C_ID\":[\"101\",\"78\",\"79\",\"102\",\"106\",\"103\",\"218\"]}',	'20',	NULL,	'5',	'5',	'67',	'24',	NULL,	'2020-10-28 16:45:57'),
(15,	'New_Teacher2',	'newteacher2',	'10/31/2020',	'new@teacher2.com',	'96388684280',	'{\"C_ID\":[\"101\",\"78\",\"79\",\"102\",\"106\",\"103\"]}',	'20',	NULL,	'5',	'5',	'67',	'24',	NULL,	'2020-10-28 16:49:14'),
(34,	'Admin Teacher',	'adminteacher',	'01/01/2000',	'admin@teacher.com',	'12345678910',	'{\"C_ID\":[\"93\",\"100\",\"102\",\"210\"]}',	'20',	NULL,	'5',	'5',	'67',	'24',	NULL,	'2020-11-02 19:52:35'),
(35,	'Teacher1',	'12',	'10/10/1999',	'teacher1@gmail.com',	'1231231231',	'{\"C_ID\":[\"70\",\"78\",\"79\",\"101\",\"102\",\"103\",\"106\",\"207\",\"208\"]}',	'20',	'1604394847_facebook.png',	'5',	'5',	'60',	'22',	NULL,	'2020-11-03 09:01:29'),
(43,	'TestNik',	'Test',	'08/29/1844',	'TestNik@test.com',	'80808080801',	'{\"C_ID\":[\"71\",\"78\"]}',	'20',	'NULL',	'4',	'4',	'49',	'28',	NULL,	'2020-11-24 11:45:29'),
(44,	'vishal-Teacher 2',	'vish-234',	'11/16/2020',	'vishal2@gmail.com',	'09876543210',	'{\"C_ID\":[\"81\"]}',	'20',	NULL,	'5',	'5',	'60',	'22',	NULL,	'2020-11-24 13:34:25'),
(45,	'vishal-Teacher 3',	'Vish-123',	'11/10/2020',	'vishal_teacher_3@gmail.com',	'98765432109',	'{\"C_ID\":[]}',	'20',	'NULL',	'7',	'7',	'60',	'11',	NULL,	'2020-11-24 13:37:35'),
(49,	'Test_Teacher',	'testteacher',	'10/10/1999',	'testteacher@admin.com',	'01234567890',	'{\"C_ID\":[\"101\",\"78\",\"79\",\"102\",\"106\",\"103\"]}',	'20',	'NULL',	'4',	'5',	'60',	NULL,	NULL,	'2020-12-01 08:13:50'),
(50,	'Test_Teacher1',	'testteacher1',	'01/01/2000',	'testteacher1@admin.com',	'01234567820',	'{\"C_ID\":[\"108\"]}',	'20',	'NULL',	'5',	'6',	'66',	'23',	NULL,	'2020-12-01 08:31:04'),
(91,	'TEST',	'TEST',	'12/05/2020',	'TEST@TEST.com',	'80888808084',	'{\"C_ID\":[\"70\",\"101\",\"78\",\"79\",\"102\",\"106\",\"103\",\"100\"]}',	'20',	NULL,	'5',	'4',	'45',	'45',	NULL,	'2020-12-06 06:40:38'),
(93,	's-192',	'1',	'12/03/2020',	'123@dsf.com',	'11111111111',	'{\"C_ID\":[\"67\"]}',	'20',	NULL,	NULL,	NULL,	'1',	'1',	' PAT-S-192',	'2020-12-08 02:46:52'),
(94,	'194',	'1',	'12/02/2020',	'123@dsf.com',	'11111111111',	'{\"C_ID\":[\"70\"]}',	'20',	NULL,	NULL,	'1',	'1',	'1',	' PAT-S-194',	'2020-12-08 02:47:47'),
(95,	'sitol80956',	'sitol80956',	'01-01-1997',	'sitol80956@chomagor.com',	'1243567890',	'{\"C_ID\":[\"70\"]}',	'20',	NULL,	NULL,	NULL,	NULL,	NULL,	'PAT-S-195',	'0000-00-00 00:00:00'),
(98,	'20210318',	'1',	'03/17/2021',	'123456@df.com',	'12345678912',	'{\"C_ID\":[\"210\",\"219\"]}',	'20',	NULL,	'1',	'1',	'15',	'1',	' PAT-S-197',	'2021-03-18 06:06:58'),
(99,	'TEstte789',	NULL,	NULL,	'TEstte789@gmai.com',	'',	'{\"C_ID\":[\"220\"]}',	'23',	NULL,	NULL,	NULL,	NULL,	NULL,	' PAT-S-199',	'2021-03-19 05:35:07'),
(100,	'kapiltest',	NULL,	NULL,	'kapil200887@gmail.com',	'',	'{\"C_ID\":[\"220\",\"224\",\"225\"]}',	'23',	NULL,	NULL,	NULL,	NULL,	NULL,	' PAT-S-200',	'2021-03-19 05:52:27'),
(101,	'1',	'fsfdsfsdf',	'03/16/2021',	'1111111@ddf.com',	'12345678912',	'{\"C_ID\":[\"221\"]}',	'24',	NULL,	NULL,	NULL,	'52',	'52',	' PAT-S-201',	'2021-03-19 07:50:00'),
(102,	'1',	'20210330@11.com',	'03/16/2021',	'202103301@11.com',	'12345678911',	'{\"C_ID\":[\"222\"]}',	'25',	NULL,	NULL,	NULL,	'1',	'1',	' PAT-S-202',	'2021-03-30 04:26:23'),
(103,	'02',	NULL,	NULL,	'022@22.com',	'',	'{\"C_ID\":[\"223\"]}',	'25',	NULL,	NULL,	NULL,	NULL,	NULL,	' PAT-S-203',	'2021-03-30 04:31:13');

DROP TABLE IF EXISTS `teacher_class`;
CREATE TABLE `teacher_class` (
  `TC_ID` int(11) NOT NULL AUTO_INCREMENT,
  `T_ID` int(11) NOT NULL,
  `CT_ID` int(11) NOT NULL,
  PRIMARY KEY (`TC_ID`)
) ENGINE=InnoDB DEFAULT CHARSET=latin1;

INSERT INTO `teacher_class` (`TC_ID`, `T_ID`, `CT_ID`) VALUES
(4,	2,	1),
(5,	1,	3),
(6,	1,	6),
(7,	3,	3),
(9,	99,	220),
(15,	102,	222),
(19,	100,	220),
(20,	100,	224),
(21,	100,	225),
(23,	103,	223);

-- 2021-04-23 06:52:43
